win_index,t_start,t_end,n_pkts,pkts_per_s,fc3,fc6,fc16,n_flows,top_flow_share,fc6_addr_entropy,fc6_addr_distinct,fc16_addr_entropy,fc16_addr_distinct,fc16_qty_mean,fc16_qty_std,fc16_qty_max,frame_len_mean,frame_len_std,run_id,scenario_id,y_multiclass,is_anomaly
1,5.0,10.0,74,14.8,72,2,0,4,0.3378378378378378,0.0,0,0.0,0,0.0,0.0,0.0,64.02702702702703,8.501149322890425,20260128-022104_baseline,baseline,0,0
2,10.0,15.0,74,14.8,72,2,0,4,0.3378378378378378,0.0,0,0.0,0,0.0,0.0,0.0,64.02702702702703,8.501149322890425,20260128-022104_baseline,baseline,0,0
3,15.0,20.0,66,13.2,66,0,0,4,0.3636363636363636,0.0,0,0.0,0,0.0,0.0,0.0,64.5,8.5,20260128-022104_baseline,baseline,0,0
4,20.0,25.0,72,14.4,70,2,0,4,0.3333333333333333,0.0,0,0.0,0,0.0,0.0,0.0,64.01388888888889,8.50080560815587,20260128-022104_baseline,baseline,0,0
5,25.0,30.0,78,15.6,72,6,0,4,0.3076923076923077,0.0,0,0.0,0,0.0,0.0,0.0,63.15384615384615,8.433870850018561,20260128-022104_baseline,baseline,0,0
6,30.0,35.0,68,13.6,68,0,0,4,0.3529411764705882,0.0,0,0.0,0,0.0,0.0,0.0,64.5,8.5,20260128-022104_baseline,baseline,0,0
7,35.0,40.0,70,14.0,66,4,0,4,0.3142857142857143,0.0,0,0.0,0,0.0,0.0,0.0,63.5,8.47138039013039,20260128-022104_baseline,baseline,0,0
8,40.0,45.0,70,14.0,70,0,0,4,0.3571428571428571,0.0,0,0.0,0,0.0,0.0,0.0,64.5,8.5,20260128-022104_baseline,baseline,0,0
9,45.0,50.0,72,14.4,70,2,0,4,0.3333333333333333,0.0,0,0.0,0,0.0,0.0,0.0,64.01388888888889,8.50080560815587,20260128-022104_baseline,baseline,0,0
10,50.0,55.0,76,15.2,72,4,0,4,0.3157894736842105,0.0,0,0.0,0,0.0,0.0,0.0,63.578947368421055,8.477932900205554,20260128-022104_baseline,baseline,0,0
1,5.0,10.0,70,14.0,70,0,0,4,0.3571428571428571,0.0,0,0.0,0,0.0,0.0,0.0,64.5,8.5,20260128-022215_baseline,baseline,0,0
2,10.0,15.0,72,14.4,70,2,0,4,0.3333333333333333,0.0,0,0.0,0,0.0,0.0,0.0,64.01388888888889,8.500805608155872,20260128-022215_baseline,baseline,0,0
3,15.0,20.0,76,15.2,72,4,0,4,0.3157894736842105,0.0,0,0.0,0,0.0,0.0,0.0,63.578947368421055,8.477932900205554,20260128-022215_baseline,baseline,0,0
4,20.0,25.0,76,15.2,72,4,0,4,0.3157894736842105,0.0,0,0.0,0,0.0,0.0,0.0,63.578947368421055,8.477932900205554,20260128-022215_baseline,baseline,0,0
5,25.0,30.0,74,14.8,70,4,0,4,0.3243243243243243,0.0,0,0.0,0,0.0,0.0,0.0,63.554054054054056,8.475946717260259,20260128-022215_baseline,baseline,0,0
6,30.0,35.0,74,14.8,74,0,0,4,0.3513513513513513,0.0,0,0.0,0,0.0,0.0,0.0,64.5,8.5,20260128-022215_baseline,baseline,0,0
7,35.0,40.0,70,14.0,70,0,0,4,0.3571428571428571,0.0,0,0.0,0,0.0,0.0,0.0,64.5,8.5,20260128-022215_baseline,baseline,0,0
8,40.0,45.0,68,13.6,68,0,0,4,0.3529411764705882,0.0,0,0.0,0,0.0,0.0,0.0,64.5,8.5,20260128-022215_baseline,baseline,0,0
9,45.0,50.0,70,14.0,68,2,0,4,0.3285714285714285,0.0,0,0.0,0,0.0,0.0,0.0,64.0,8.500420157682964,20260128-022215_baseline,baseline,0,0
10,50.0,55.0,66,13.2,66,0,0,4,0.3636363636363636,0.0,0,0.0,0,0.0,0.0,0.0,64.5,8.5,20260128-022215_baseline,baseline,0,0
1,5.0,10.0,68,13.6,68,0,0,4,0.3676470588235294,0.0,0,0.0,0,0.0,0.0,0.0,64.5,8.5,20260128-022325_baseline,baseline,0,0
2,10.0,15.0,80,16.0,74,6,0,4,0.3,0.0,0,0.0,0,0.0,0.0,0.0,63.1875,8.43814812325548,20260128-022325_baseline,baseline,0,0
3,15.0,20.0,70,14.0,68,2,0,4,0.3428571428571428,0.0,0,0.0,0,0.0,0.0,0.0,64.0,8.500420157682964,20260128-022325_baseline,baseline,0,0
4,20.0,25.0,72,14.4,70,2,0,4,0.3333333333333333,0.0,0,0.0,0,0.0,0.0,0.0,64.01388888888889,8.500805608155872,20260128-022325_baseline,baseline,0,0
5,25.0,30.0,68,13.6,68,0,0,4,0.3529411764705882,0.0,0,0.0,0,0.0,0.0,0.0,64.5,8.5,20260128-022325_baseline,baseline,0,0
6,30.0,35.0,72,14.4,70,2,0,4,0.3333333333333333,0.0,0,0.0,0,0.0,0.0,0.0,64.01388888888889,8.500805608155872,20260128-022325_baseline,baseline,0,0
7,35.0,40.0,80,16.0,74,6,0,4,0.3,0.0,0,0.0,0,0.0,0.0,0.0,63.1875,8.43814812325548,20260128-022325_baseline,baseline,0,0
8,40.0,45.0,72,14.4,70,2,0,4,0.3333333333333333,0.0,0,0.0,0,0.0,0.0,0.0,64.01388888888889,8.50080560815587,20260128-022325_baseline,baseline,0,0
9,45.0,50.0,68,13.6,68,0,0,4,0.3529411764705882,0.0,0,0.0,0,0.0,0.0,0.0,64.5,8.5,20260128-022325_baseline,baseline,0,0
10,50.0,55.0,80,16.0,76,4,0,4,0.325,0.0,0,0.0,0,0.0,0.0,0.0,63.625,8.481413502477048,20260128-022325_baseline,baseline,0,0
1,5.0,10.0,68,13.6,68,0,0,4,0.3676470588235294,0.0,0,0.0,0,0.0,0.0,0.0,64.5,8.5,20260128-022435_baseline,baseline,0,0
2,10.0,15.0,74,14.8,72,2,0,4,0.3243243243243243,0.0,0,0.0,0,0.0,0.0,0.0,64.02702702702703,8.501149322890424,20260128-022435_baseline,baseline,0,0
3,15.0,20.0,80,16.0,74,6,0,4,0.3,0.0,0,0.0,0,0.0,0.0,0.0,63.1875,8.43814812325548,20260128-022435_baseline,baseline,0,0
4,20.0,25.0,70,14.0,68,2,0,4,0.3285714285714285,0.0,0,0.0,0,0.0,0.0,0.0,64.0,8.500420157682964,20260128-022435_baseline,baseline,0,0
5,25.0,30.0,66,13.2,66,0,0,4,0.3636363636363636,0.0,0,0.0,0,0.0,0.0,0.0,64.5,8.5,20260128-022435_baseline,baseline,0,0
6,30.0,35.0,74,14.8,72,2,0,4,0.3243243243243243,0.0,0,0.0,0,0.0,0.0,0.0,64.02702702702703,8.501149322890425,20260128-022435_baseline,baseline,0,0
7,35.0,40.0,78,15.6,72,6,0,4,0.3076923076923077,0.0,0,0.0,0,0.0,0.0,0.0,63.15384615384615,8.433870850018561,20260128-022435_baseline,baseline,0,0
8,40.0,45.0,76,15.2,74,2,0,4,0.3289473684210526,0.0,0,0.0,0,0.0,0.0,0.0,64.03947368421052,8.501456205717263,20260128-022435_baseline,baseline,0,0
9,45.0,50.0,74,14.8,70,4,0,4,0.3243243243243243,0.0,0,0.0,0,0.0,0.0,0.0,63.554054054054056,8.47594671726026,20260128-022435_baseline,baseline,0,0
10,50.0,55.0,72,14.4,70,2,0,4,0.3333333333333333,0.0,0,0.0,0,0.0,0.0,0.0,64.01388888888889,8.50080560815587,20260128-022435_baseline,baseline,0,0
1,5.0,10.0,72,14.4,70,2,0,4,0.3333333333333333,0.0,0,0.0,0,0.0,0.0,0.0,64.01388888888889,8.50080560815587,20260128-022545_baseline,baseline,0,0
2,10.0,15.0,76,15.2,72,4,0,4,0.3157894736842105,0.0,0,0.0,0,0.0,0.0,0.0,63.578947368421055,8.477932900205554,20260128-022545_baseline,baseline,0,0
3,15.0,20.0,70,14.0,70,0,0,4,0.3571428571428571,0.0,0,0.0,0,0.0,0.0,0.0,64.5,8.5,20260128-022545_baseline,baseline,0,0
4,20.0,25.0,66,13.2,66,0,0,4,0.3484848484848485,0.0,0,0.0,0,0.0,0.0,0.0,64.5,8.5,20260128-022545_baseline,baseline,0,0
5,25.0,30.0,64,12.8,64,0,0,4,0.359375,0.0,0,0.0,0,0.0,0.0,0.0,64.5,8.5,20260128-022545_baseline,baseline,0,0
6,30.0,35.0,72,14.4,70,2,0,4,0.3333333333333333,0.0,0,0.0,0,0.0,0.0,0.0,64.01388888888889,8.50080560815587,20260128-022545_baseline,baseline,0,0
7,35.0,40.0,68,13.6,68,0,0,4,0.3676470588235294,0.0,0,0.0,0,0.0,0.0,0.0,64.5,8.5,20260128-022545_baseline,baseline,0,0
8,40.0,45.0,72,14.4,70,2,0,4,0.3333333333333333,0.0,0,0.0,0,0.0,0.0,0.0,64.01388888888889,8.50080560815587,20260128-022545_baseline,baseline,0,0
9,45.0,50.0,70,14.0,70,0,0,4,0.3428571428571428,0.0,0,0.0,0,0.0,0.0,0.0,64.5,8.5,20260128-022545_baseline,baseline,0,0
10,50.0,55.0,78,15.6,72,6,0,4,0.3076923076923077,0.0,0,0.0,0,0.0,0.0,0.0,63.15384615384615,8.433870850018561,20260128-022545_baseline,baseline,0,0
11,55.0,60.0,78,15.6,72,6,0,4,0.2948717948717949,0.0,0,0.0,0,0.0,0.0,0.0,63.15384615384615,8.433870850018561,20260128-022545_baseline,baseline,0,0
1,5.0,10.0,74,14.8,70,4,0,4,0.3243243243243243,0.0,0,0.0,0,0.0,0.0,0.0,63.554054054054056,8.475946717260259,20260128-022701_baseline,baseline,0,0
2,10.0,15.0,72,14.4,70,2,0,4,0.3333333333333333,0.0,0,0.0,0,0.0,0.0,0.0,64.01388888888889,8.50080560815587,20260128-022701_baseline,baseline,0,0
3,15.0,20.0,74,14.8,72,2,0,4,0.3378378378378378,0.0,0,0.0,0,0.0,0.0,0.0,64.02702702702703,8.501149322890425,20260128-022701_baseline,baseline,0,0
4,20.0,25.0,68,13.6,68,0,0,4,0.3529411764705882,0.0,0,0.0,0,0.0,0.0,0.0,64.5,8.5,20260128-022701_baseline,baseline,0,0
5,25.0,30.0,66,13.2,66,0,0,4,0.3636363636363636,0.0,0,0.0,0,0.0,0.0,0.0,64.5,8.5,20260128-022701_baseline,baseline,0,0
6,30.0,35.0,80,16.0,74,6,0,4,0.2875,0.0,0,0.0,0,0.0,0.0,0.0,63.1875,8.43814812325548,20260128-022701_baseline,baseline,0,0
7,35.0,40.0,72,14.4,70,2,0,4,0.3333333333333333,0.0,0,0.0,0,0.0,0.0,0.0,64.01388888888889,8.50080560815587,20260128-022701_baseline,baseline,0,0
8,40.0,45.0,76,15.2,72,4,0,4,0.3157894736842105,0.0,0,0.0,0,0.0,0.0,0.0,63.578947368421055,8.477932900205554,20260128-022701_baseline,baseline,0,0
9,45.0,50.0,72,14.4,70,2,0,4,0.3333333333333333,0.0,0,0.0,0,0.0,0.0,0.0,64.01388888888889,8.50080560815587,20260128-022701_baseline,baseline,0,0
10,50.0,55.0,70,14.0,68,2,0,4,0.3428571428571428,0.0,0,0.0,0,0.0,0.0,0.0,64.0,8.500420157682964,20260128-022701_baseline,baseline,0,0
1,5.0,10.0,74,14.8,72,2,0,4,0.3378378378378378,0.0,0,0.0,0,0.0,0.0,0.0,64.02702702702703,8.501149322890425,20260128-022812_baseline,baseline,0,0
2,10.0,15.0,74,14.8,72,2,0,4,0.3378378378378378,0.0,0,0.0,0,0.0,0.0,0.0,64.02702702702703,8.501149322890425,20260128-022812_baseline,baseline,0,0
3,15.0,20.0,70,14.0,68,2,0,4,0.3428571428571428,0.0,0,0.0,0,0.0,0.0,0.0,64.0,8.500420157682964,20260128-022812_baseline,baseline,0,0
4,20.0,25.0,76,15.2,72,4,0,4,0.3157894736842105,0.0,0,0.0,0,0.0,0.0,0.0,63.578947368421055,8.477932900205554,20260128-022812_baseline,baseline,0,0
5,25.0,30.0,70,14.0,68,2,0,4,0.3285714285714285,0.0,0,0.0,0,0.0,0.0,0.0,64.0,8.500420157682964,20260128-022812_baseline,baseline,0,0
6,30.0,35.0,72,14.4,70,2,0,4,0.3333333333333333,0.0,0,0.0,0,0.0,0.0,0.0,64.01388888888889,8.50080560815587,20260128-022812_baseline,baseline,0,0
7,35.0,40.0,66,13.2,66,0,0,4,0.3484848484848485,0.0,0,0.0,0,0.0,0.0,0.0,64.5,8.5,20260128-022812_baseline,baseline,0,0
8,40.0,45.0,72,14.4,70,2,0,4,0.3194444444444444,0.0,0,0.0,0,0.0,0.0,0.0,64.01388888888889,8.50080560815587,20260128-022812_baseline,baseline,0,0
9,45.0,50.0,70,14.0,68,2,0,4,0.3285714285714285,0.0,0,0.0,0,0.0,0.0,0.0,64.0,8.500420157682964,20260128-022812_baseline,baseline,0,0
10,50.0,55.0,78,15.6,74,4,0,4,0.3205128205128205,0.0,0,0.0,0,0.0,0.0,0.0,63.6025641025641,8.479749245793288,20260128-022812_baseline,baseline,0,0
1,5.0,10.0,68,13.6,68,0,0,4,0.3529411764705882,0.0,0,0.0,0,0.0,0.0,0.0,64.5,8.5,20260128-022922_baseline,baseline,0,0
2,10.0,15.0,70,14.0,70,0,0,4,0.3571428571428571,0.0,0,0.0,0,0.0,0.0,0.0,64.5,8.5,20260128-022922_baseline,baseline,0,0
3,15.0,20.0,76,15.2,72,4,0,4,0.3289473684210526,0.0,0,0.0,0,0.0,0.0,0.0,63.578947368421055,8.477932900205554,20260128-022922_baseline,baseline,0,0
4,20.0,25.0,80,16.0,76,4,0,4,0.325,0.0,0,0.0,0,0.0,0.0,0.0,63.625,8.481413502477048,20260128-022922_baseline,baseline,0,0
5,25.0,30.0,70,14.0,68,2,0,4,0.3285714285714285,0.0,0,0.0,0,0.0,0.0,0.0,64.0,8.500420157682964,20260128-022922_baseline,baseline,0,0
6,30.0,35.0,82,16.4,74,8,0,4,0.2804878048780488,0.0,0,0.0,0,0.0,0.0,0.0,62.79268292682927,8.379326774398264,20260128-022922_baseline,baseline,0,0
7,35.0,40.0,78,15.6,74,4,0,4,0.3205128205128205,0.0,0,0.0,0,0.0,0.0,0.0,63.6025641025641,8.479749245793288,20260128-022922_baseline,baseline,0,0
8,40.0,45.0,66,13.2,66,0,0,4,0.3636363636363636,0.0,0,0.0,0,0.0,0.0,0.0,64.5,8.5,20260128-022922_baseline,baseline,0,0
9,45.0,50.0,78,15.6,74,4,0,4,0.3205128205128205,0.0,0,0.0,0,0.0,0.0,0.0,63.6025641025641,8.479749245793288,20260128-022922_baseline,baseline,0,0
10,50.0,55.0,74,14.8,72,2,0,4,0.3378378378378378,0.0,0,0.0,0,0.0,0.0,0.0,64.02702702702703,8.501149322890425,20260128-022922_baseline,baseline,0,0
1,5.0,10.0,68,13.6,66,2,0,4,0.3235294117647059,0.0,0,0.0,0,0.0,0.0,0.0,63.98529411764706,8.499987278638965,20260128-023032_baseline,baseline,0,0
2,10.0,15.0,66,13.2,66,0,0,4,0.3636363636363636,0.0,0,0.0,0,0.0,0.0,0.0,64.5,8.5,20260128-023032_baseline,baseline,0,0
3,15.0,20.0,70,14.0,68,2,0,4,0.3285714285714285,0.0,0,0.0,0,0.0,0.0,0.0,64.0,8.500420157682964,20260128-023032_baseline,baseline,0,0
4,20.0,25.0,68,13.6,68,0,0,4,0.3529411764705882,0.0,0,0.0,0,0.0,0.0,0.0,64.5,8.5,20260128-023032_baseline,baseline,0,0
5,25.0,30.0,70,14.0,70,0,0,4,0.3571428571428571,0.0,0,0.0,0,0.0,0.0,0.0,64.5,8.5,20260128-023032_baseline,baseline,0,0
6,30.0,35.0,72,14.4,70,2,0,4,0.3472222222222222,0.0,0,0.0,0,0.0,0.0,0.0,64.01388888888889,8.50080560815587,20260128-023032_baseline,baseline,0,0
7,35.0,40.0,68,13.6,68,0,0,4,0.3529411764705882,0.0,0,0.0,0,0.0,0.0,0.0,64.5,8.5,20260128-023032_baseline,baseline,0,0
8,40.0,45.0,70,14.0,68,2,0,4,0.3285714285714285,0.0,0,0.0,0,0.0,0.0,0.0,64.0,8.500420157682964,20260128-023032_baseline,baseline,0,0
9,45.0,50.0,76,15.2,72,4,0,4,0.3289473684210526,0.0,0,0.0,0,0.0,0.0,0.0,63.578947368421055,8.477932900205554,20260128-023032_baseline,baseline,0,0
10,50.0,55.0,66,13.2,66,0,0,4,0.3484848484848485,0.0,0,0.0,0,0.0,0.0,0.0,64.5,8.5,20260128-023032_baseline,baseline,0,0
11,55.0,60.0,74,14.8,72,2,0,4,0.3378378378378378,0.0,0,0.0,0,0.0,0.0,0.0,64.02702702702703,8.501149322890425,20260128-023032_baseline,baseline,0,0
1,5.0,10.0,66,13.2,66,0,0,4,0.3484848484848485,0.0,0,0.0,0,0.0,0.0,0.0,64.5,8.5,20260128-023210_baseline,baseline,0,0
2,10.0,15.0,76,15.2,74,2,0,4,0.3421052631578947,0.0,0,0.0,0,0.0,0.0,0.0,64.03947368421052,8.501456205717263,20260128-023210_baseline,baseline,0,0
3,15.0,20.0,84,16.8,76,8,0,4,0.2857142857142857,0.0,0,0.0,0,0.0,0.0,0.0,62.833333333333336,8.38626049436607,20260128-023210_baseline,baseline,0,0
4,20.0,25.0,70,14.0,68,2,0,4,0.3428571428571428,0.0,0,0.0,0,0.0,0.0,0.0,64.0,8.500420157682964,20260128-023210_baseline,baseline,0,0
5,25.0,30.0,70,14.0,70,0,0,4,0.3428571428571428,0.0,0,0.0,0,0.0,0.0,0.0,64.5,8.5,20260128-023210_baseline,baseline,0,0
6,30.0,35.0,66,13.2,66,0,0,4,0.3636363636363636,0.0,0,0.0,0,0.0,0.0,0.0,64.5,8.5,20260128-023210_baseline,baseline,0,0
7,35.0,40.0,78,15.6,72,6,0,4,0.3076923076923077,0.0,0,0.0,0,0.0,0.0,0.0,63.15384615384615,8.433870850018561,20260128-023210_baseline,baseline,0,0
8,40.0,45.0,70,14.0,70,0,0,4,0.3571428571428571,0.0,0,0.0,0,0.0,0.0,0.0,64.5,8.5,20260128-023210_baseline,baseline,0,0
9,45.0,50.0,74,14.8,70,4,0,4,0.3108108108108108,0.0,0,0.0,0,0.0,0.0,0.0,63.554054054054056,8.475946717260259,20260128-023210_baseline,baseline,0,0
10,50.0,55.0,74,14.8,70,4,0,4,0.3243243243243243,0.0,0,0.0,0,0.0,0.0,0.0,63.554054054054056,8.47594671726026,20260128-023210_baseline,baseline,0,0
11,55.0,60.0,74,14.8,72,2,0,4,0.3243243243243243,0.0,0,0.0,0,0.0,0.0,0.0,64.02702702702703,8.501149322890425,20260128-023210_baseline,baseline,0,0
1,5.0,10.0,74,14.8,72,2,0,4,0.3243243243243243,0.0,0,0.0,0,0.0,0.0,0.0,64.02702702702703,8.501149322890425,20260128-023320_baseline,baseline,0,0
2,10.0,15.0,74,14.8,72,2,0,4,0.3378378378378378,0.0,0,0.0,0,0.0,0.0,0.0,64.02702702702703,8.501149322890425,20260128-023320_baseline,baseline,0,0
3,15.0,20.0,74,14.8,72,2,0,4,0.3378378378378378,0.0,0,0.0,0,0.0,0.0,0.0,64.02702702702703,8.501149322890425,20260128-023320_baseline,baseline,0,0
4,20.0,25.0,72,14.4,70,2,0,4,0.3333333333333333,0.0,0,0.0,0,0.0,0.0,0.0,64.01388888888889,8.50080560815587,20260128-023320_baseline,baseline,0,0
5,25.0,30.0,72,14.4,70,2,0,4,0.3333333333333333,0.0,0,0.0,0,0.0,0.0,0.0,64.01388888888889,8.500805608155872,20260128-023320_baseline,baseline,0,0
6,30.0,35.0,74,14.8,72,2,0,4,0.3513513513513513,0.0,0,0.0,0,0.0,0.0,0.0,64.02702702702703,8.501149322890424,20260128-023320_baseline,baseline,0,0
7,35.0,40.0,72,14.4,72,0,0,4,0.3472222222222222,0.0,0,0.0,0,0.0,0.0,0.0,64.5,8.5,20260128-023320_baseline,baseline,0,0
8,40.0,45.0,70,14.0,68,2,0,4,0.3428571428571428,0.0,0,0.0,0,0.0,0.0,0.0,64.0,8.500420157682964,20260128-023320_baseline,baseline,0,0
9,45.0,50.0,70,14.0,70,0,0,4,0.3428571428571428,0.0,0,0.0,0,0.0,0.0,0.0,64.5,8.5,20260128-023320_baseline,baseline,0,0
10,50.0,55.0,66,13.2,66,0,0,4,0.3636363636363636,0.0,0,0.0,0,0.0,0.0,0.0,64.5,8.5,20260128-023320_baseline,baseline,0,0
1,5.0,10.0,76,15.2,72,4,0,4,0.3289473684210526,0.0,0,0.0,0,0.0,0.0,0.0,63.578947368421055,8.477932900205554,20260128-023429_baseline,baseline,0,0
2,10.0,15.0,74,14.8,72,2,0,4,0.3378378378378378,0.0,0,0.0,0,0.0,0.0,0.0,64.02702702702703,8.501149322890424,20260128-023429_baseline,baseline,0,0
3,15.0,20.0,72,14.4,70,2,0,4,0.3333333333333333,0.0,0,0.0,0,0.0,0.0,0.0,64.01388888888889,8.50080560815587,20260128-023429_baseline,baseline,0,0
4,20.0,25.0,72,14.4,70,2,0,4,0.3472222222222222,0.0,0,0.0,0,0.0,0.0,0.0,64.01388888888889,8.50080560815587,20260128-023429_baseline,baseline,0,0
5,25.0,30.0,72,14.4,70,2,0,4,0.3333333333333333,0.0,0,0.0,0,0.0,0.0,0.0,64.01388888888889,8.50080560815587,20260128-023429_baseline,baseline,0,0
6,30.0,35.0,70,14.0,70,0,0,4,0.3571428571428571,0.0,0,0.0,0,0.0,0.0,0.0,64.5,8.5,20260128-023429_baseline,baseline,0,0
7,35.0,40.0,78,15.6,72,6,0,4,0.2948717948717949,0.0,0,0.0,0,0.0,0.0,0.0,63.15384615384615,8.433870850018563,20260128-023429_baseline,baseline,0,0
8,40.0,45.0,76,15.2,72,4,0,4,0.3157894736842105,0.0,0,0.0,0,0.0,0.0,0.0,63.578947368421055,8.477932900205554,20260128-023429_baseline,baseline,0,0
9,45.0,50.0,72,14.4,70,2,0,4,0.3333333333333333,0.0,0,0.0,0,0.0,0.0,0.0,64.01388888888889,8.50080560815587,20260128-023429_baseline,baseline,0,0
10,50.0,55.0,72,14.4,70,2,0,4,0.3333333333333333,0.0,0,0.0,0,0.0,0.0,0.0,64.01388888888889,8.50080560815587,20260128-023429_baseline,baseline,0,0
11,55.0,60.0,76,15.2,72,4,0,4,0.3289473684210526,0.0,0,0.0,0,0.0,0.0,0.0,63.578947368421055,8.477932900205554,20260128-023429_baseline,baseline,0,0
1,5.0,10.0,72,14.4,70,2,0,4,0.3472222222222222,0.0,0,0.0,0,0.0,0.0,0.0,64.01388888888889,8.50080560815587,20260128-023556_baseline,baseline,0,0
2,10.0,15.0,78,15.6,72,6,0,4,0.3076923076923077,0.0,0,0.0,0,0.0,0.0,0.0,63.15384615384615,8.433870850018561,20260128-023556_baseline,baseline,0,0
3,15.0,20.0,76,15.2,74,2,0,4,0.3289473684210526,0.0,0,0.0,0,0.0,0.0,0.0,64.03947368421052,8.501456205717265,20260128-023556_baseline,baseline,0,0
4,20.0,25.0,70,14.0,70,0,0,4,0.3714285714285714,0.0,0,0.0,0,0.0,0.0,0.0,64.5,8.5,20260128-023556_baseline,baseline,0,0
5,25.0,30.0,70,14.0,70,0,0,4,0.3428571428571428,0.0,0,0.0,0,0.0,0.0,0.0,64.5,8.5,20260128-023556_baseline,baseline,0,0
6,30.0,35.0,68,13.6,68,0,0,4,0.3529411764705882,0.0,0,0.0,0,0.0,0.0,0.0,64.5,8.5,20260128-023556_baseline,baseline,0,0
7,35.0,40.0,70,14.0,68,2,0,4,0.3428571428571428,0.0,0,0.0,0,0.0,0.0,0.0,64.0,8.500420157682964,20260128-023556_baseline,baseline,0,0
8,40.0,45.0,70,14.0,70,0,0,4,0.3571428571428571,0.0,0,0.0,0,0.0,0.0,0.0,64.5,8.5,20260128-023556_baseline,baseline,0,0
9,45.0,50.0,70,14.0,68,2,0,4,0.3285714285714285,0.0,0,0.0,0,0.0,0.0,0.0,64.0,8.500420157682964,20260128-023556_baseline,baseline,0,0
10,50.0,55.0,76,15.2,72,4,0,4,0.3157894736842105,0.0,0,0.0,0,0.0,0.0,0.0,63.578947368421055,8.477932900205554,20260128-023556_baseline,baseline,0,0
1,5.0,10.0,70,14.0,68,2,0,4,0.3428571428571428,0.0,0,0.0,0,0.0,0.0,0.0,64.0,8.500420157682964,20260128-023705_baseline,baseline,0,0
2,10.0,15.0,72,14.4,72,0,0,4,0.3611111111111111,0.0,0,0.0,0,0.0,0.0,0.0,64.5,8.5,20260128-023705_baseline,baseline,0,0
3,15.0,20.0,74,14.8,70,4,0,4,0.3108108108108108,0.0,0,0.0,0,0.0,0.0,0.0,63.554054054054056,8.475946717260259,20260128-023705_baseline,baseline,0,0
4,20.0,25.0,66,13.2,66,0,0,4,0.3636363636363636,0.0,0,0.0,0,0.0,0.0,0.0,64.5,8.5,20260128-023705_baseline,baseline,0,0
5,25.0,30.0,68,13.6,68,0,0,4,0.3529411764705882,0.0,0,0.0,0,0.0,0.0,0.0,64.5,8.5,20260128-023705_baseline,baseline,0,0
6,30.0,35.0,72,14.4,70,2,0,4,0.3194444444444444,0.0,0,0.0,0,0.0,0.0,0.0,64.01388888888889,8.50080560815587,20260128-023705_baseline,baseline,0,0
7,35.0,40.0,66,13.2,66,0,0,4,0.3636363636363636,0.0,0,0.0,0,0.0,0.0,0.0,64.5,8.5,20260128-023705_baseline,baseline,0,0
8,40.0,45.0,74,14.8,72,2,0,4,0.3378378378378378,0.0,0,0.0,0,0.0,0.0,0.0,64.02702702702703,8.501149322890424,20260128-023705_baseline,baseline,0,0
9,45.0,50.0,70,14.0,68,2,0,4,0.3285714285714285,0.0,0,0.0,0,0.0,0.0,0.0,64.0,8.500420157682964,20260128-023705_baseline,baseline,0,0
10,50.0,55.0,68,13.6,66,2,0,4,0.3382352941176471,0.0,0,0.0,0,0.0,0.0,0.0,63.98529411764706,8.499987278638965,20260128-023705_baseline,baseline,0,0
1,5.0,10.0,78,15.6,74,4,0,4,0.3205128205128205,0.0,0,0.0,0,0.0,0.0,0.0,63.6025641025641,8.479749245793288,20260128-023816_baseline,baseline,0,0
2,10.0,15.0,80,16.0,74,6,0,4,0.2875,0.0,0,0.0,0,0.0,0.0,0.0,63.1875,8.43814812325548,20260128-023816_baseline,baseline,0,0
3,15.0,20.0,74,14.8,70,4,0,4,0.3243243243243243,0.0,0,0.0,0,0.0,0.0,0.0,63.554054054054056,8.475946717260259,20260128-023816_baseline,baseline,0,0
4,20.0,25.0,72,14.4,70,2,0,4,0.3333333333333333,0.0,0,0.0,0,0.0,0.0,0.0,64.01388888888889,8.500805608155872,20260128-023816_baseline,baseline,0,0
5,25.0,30.0,74,14.8,70,4,0,4,0.3243243243243243,0.0,0,0.0,0,0.0,0.0,0.0,63.554054054054056,8.475946717260259,20260128-023816_baseline,baseline,0,0
6,30.0,35.0,72,14.4,70,2,0,4,0.3333333333333333,0.0,0,0.0,0,0.0,0.0,0.0,64.01388888888889,8.50080560815587,20260128-023816_baseline,baseline,0,0
7,35.0,40.0,70,14.0,68,2,0,4,0.3428571428571428,0.0,0,0.0,0,0.0,0.0,0.0,64.0,8.500420157682964,20260128-023816_baseline,baseline,0,0
8,40.0,45.0,68,13.6,68,0,0,4,0.3529411764705882,0.0,0,0.0,0,0.0,0.0,0.0,64.5,8.5,20260128-023816_baseline,baseline,0,0
9,45.0,50.0,78,15.6,74,4,0,4,0.3205128205128205,0.0,0,0.0,0,0.0,0.0,0.0,63.6025641025641,8.479749245793288,20260128-023816_baseline,baseline,0,0
10,50.0,55.0,70,14.0,70,0,0,4,0.3571428571428571,0.0,0,0.0,0,0.0,0.0,0.0,64.5,8.5,20260128-023816_baseline,baseline,0,0
11,55.0,60.0,72,14.4,70,2,0,4,0.3333333333333333,0.0,0,0.0,0,0.0,0.0,0.0,64.01388888888889,8.50080560815587,20260128-023816_baseline,baseline,0,0
1,5.0,10.0,72,14.4,70,2,0,4,0.3333333333333333,0.0,0,0.0,0,0.0,0.0,0.0,64.01388888888889,8.50080560815587,20260128-023929_baseline,baseline,0,0
2,10.0,15.0,68,13.6,68,0,0,4,0.3382352941176471,0.0,0,0.0,0,0.0,0.0,0.0,64.5,8.5,20260128-023929_baseline,baseline,0,0
3,15.0,20.0,72,14.4,68,4,0,4,0.3194444444444444,0.0,0,0.0,0,0.0,0.0,0.0,63.52777777777778,8.473770350358642,20260128-023929_baseline,baseline,0,0
4,20.0,25.0,70,14.0,68,2,0,4,0.3285714285714285,0.0,0,0.0,0,0.0,0.0,0.0,64.0,8.500420157682964,20260128-023929_baseline,baseline,0,0
5,25.0,30.0,70,14.0,68,2,0,4,0.3428571428571428,0.0,0,0.0,0,0.0,0.0,0.0,64.0,8.500420157682964,20260128-023929_baseline,baseline,0,0
6,30.0,35.0,70,14.0,70,0,0,4,0.3571428571428571,0.0,0,0.0,0,0.0,0.0,0.0,64.5,8.5,20260128-023929_baseline,baseline,0,0
7,35.0,40.0,72,14.4,70,2,0,4,0.3333333333333333,0.0,0,0.0,0,0.0,0.0,0.0,64.01388888888889,8.500805608155872,20260128-023929_baseline,baseline,0,0
8,40.0,45.0,74,14.8,70,4,0,4,0.3243243243243243,0.0,0,0.0,0,0.0,0.0,0.0,63.554054054054056,8.475946717260259,20260128-023929_baseline,baseline,0,0
9,45.0,50.0,78,15.6,74,4,0,4,0.3076923076923077,0.0,0,0.0,0,0.0,0.0,0.0,63.6025641025641,8.479749245793288,20260128-023929_baseline,baseline,0,0
10,50.0,55.0,72,14.4,70,2,0,4,0.3333333333333333,0.0,0,0.0,0,0.0,0.0,0.0,64.01388888888889,8.50080560815587,20260128-023929_baseline,baseline,0,0
1,5.0,10.0,76,15.2,74,2,0,4,0.3289473684210526,0.0,0,0.0,0,0.0,0.0,0.0,64.03947368421052,8.501456205717263,20260128-024039_baseline,baseline,0,0
2,10.0,15.0,68,13.6,68,0,0,4,0.3529411764705882,0.0,0,0.0,0,0.0,0.0,0.0,64.5,8.5,20260128-024039_baseline,baseline,0,0
3,15.0,20.0,74,14.8,72,2,0,4,0.3378378378378378,0.0,0,0.0,0,0.0,0.0,0.0,64.02702702702703,8.501149322890425,20260128-024039_baseline,baseline,0,0
4,20.0,25.0,68,13.6,68,0,0,4,0.3529411764705882,0.0,0,0.0,0,0.0,0.0,0.0,64.5,8.5,20260128-024039_baseline,baseline,0,0
5,25.0,30.0,70,14.0,70,0,0,4,0.3571428571428571,0.0,0,0.0,0,0.0,0.0,0.0,64.5,8.5,20260128-024039_baseline,baseline,0,0
6,30.0,35.0,66,13.2,66,0,0,4,0.3636363636363636,0.0,0,0.0,0,0.0,0.0,0.0,64.5,8.5,20260128-024039_baseline,baseline,0,0
7,35.0,40.0,70,14.0,68,2,0,4,0.3285714285714285,0.0,0,0.0,0,0.0,0.0,0.0,64.0,8.500420157682964,20260128-024039_baseline,baseline,0,0
8,40.0,45.0,70,14.0,70,0,0,4,0.3571428571428571,0.0,0,0.0,0,0.0,0.0,0.0,64.5,8.5,20260128-024039_baseline,baseline,0,0
9,45.0,50.0,68,13.6,66,2,0,4,0.3382352941176471,0.0,0,0.0,0,0.0,0.0,0.0,63.98529411764706,8.499987278638965,20260128-024039_baseline,baseline,0,0
10,50.0,55.0,76,15.2,72,4,0,4,0.3157894736842105,0.0,0,0.0,0,0.0,0.0,0.0,63.578947368421055,8.477932900205554,20260128-024039_baseline,baseline,0,0
11,55.0,60.0,74,14.8,70,4,0,4,0.3108108108108108,0.0,0,0.0,0,0.0,0.0,0.0,63.554054054054056,8.47594671726026,20260128-024039_baseline,baseline,0,0
1,5.0,10.0,74,14.8,72,2,0,4,0.3378378378378378,0.0,0,0.0,0,0.0,0.0,0.0,64.02702702702703,8.501149322890425,20260128-024153_baseline,baseline,0,0
2,10.0,15.0,72,14.4,70,2,0,4,0.3472222222222222,0.0,0,0.0,0,0.0,0.0,0.0,64.01388888888889,8.50080560815587,20260128-024153_baseline,baseline,0,0
3,15.0,20.0,68,13.6,68,0,0,4,0.3529411764705882,0.0,0,0.0,0,0.0,0.0,0.0,64.5,8.5,20260128-024153_baseline,baseline,0,0
4,20.0,25.0,72,14.4,70,2,0,4,0.3472222222222222,0.0,0,0.0,0,0.0,0.0,0.0,64.01388888888889,8.50080560815587,20260128-024153_baseline,baseline,0,0
5,25.0,30.0,76,15.2,72,4,0,4,0.3157894736842105,0.0,0,0.0,0,0.0,0.0,0.0,63.578947368421055,8.477932900205554,20260128-024153_baseline,baseline,0,0
6,30.0,35.0,70,14.0,68,2,0,4,0.3285714285714285,0.0,0,0.0,0,0.0,0.0,0.0,64.0,8.500420157682964,20260128-024153_baseline,baseline,0,0
7,35.0,40.0,66,13.2,66,0,0,4,0.3636363636363636,0.0,0,0.0,0,0.0,0.0,0.0,64.5,8.5,20260128-024153_baseline,baseline,0,0
8,40.0,45.0,66,13.2,66,0,0,4,0.3484848484848485,0.0,0,0.0,0,0.0,0.0,0.0,64.5,8.5,20260128-024153_baseline,baseline,0,0
9,45.0,50.0,70,14.0,70,0,0,4,0.3571428571428571,0.0,0,0.0,0,0.0,0.0,0.0,64.5,8.5,20260128-024153_baseline,baseline,0,0
10,50.0,55.0,80,16.0,74,6,0,4,0.3,0.0,0,0.0,0,0.0,0.0,0.0,63.1875,8.43814812325548,20260128-024153_baseline,baseline,0,0
1,5.0,10.0,70,14.0,68,2,0,4,0.3285714285714285,0.0,0,0.0,0,0.0,0.0,0.0,64.0,8.500420157682964,20260128-024303_baseline,baseline,0,0
2,10.0,15.0,68,13.6,68,0,0,4,0.3529411764705882,0.0,0,0.0,0,0.0,0.0,0.0,64.5,8.5,20260128-024303_baseline,baseline,0,0
3,15.0,20.0,74,14.8,72,2,0,4,0.3378378378378378,0.0,0,0.0,0,0.0,0.0,0.0,64.02702702702703,8.501149322890425,20260128-024303_baseline,baseline,0,0
4,20.0,25.0,78,15.6,74,4,0,4,0.3205128205128205,0.0,0,0.0,0,0.0,0.0,0.0,63.6025641025641,8.479749245793288,20260128-024303_baseline,baseline,0,0
5,25.0,30.0,66,13.2,66,0,0,4,0.3636363636363636,0.0,0,0.0,0,0.0,0.0,0.0,64.5,8.5,20260128-024303_baseline,baseline,0,0
6,30.0,35.0,74,14.8,74,0,0,4,0.3513513513513513,0.0,0,0.0,0,0.0,0.0,0.0,64.5,8.5,20260128-024303_baseline,baseline,0,0
7,35.0,40.0,72,14.4,70,2,0,4,0.3333333333333333,0.0,0,0.0,0,0.0,0.0,0.0,64.01388888888889,8.500805608155872,20260128-024303_baseline,baseline,0,0
8,40.0,45.0,84,16.8,76,8,0,4,0.2857142857142857,0.0,0,0.0,0,0.0,0.0,0.0,62.833333333333336,8.38626049436607,20260128-024303_baseline,baseline,0,0
9,45.0,50.0,70,14.0,70,0,0,4,0.3571428571428571,0.0,0,0.0,0,0.0,0.0,0.0,64.5,8.5,20260128-024303_baseline,baseline,0,0
10,50.0,55.0,70,14.0,68,2,0,4,0.3285714285714285,0.0,0,0.0,0,0.0,0.0,0.0,64.0,8.500420157682964,20260128-024303_baseline,baseline,0,0
1,5.0,10.0,66,13.2,66,0,0,4,0.3484848484848485,0.0,0,0.0,0,0.0,0.0,0.0,64.5,8.5,20260128-024411_baseline,baseline,0,0
2,10.0,15.0,68,13.6,66,2,0,4,0.3235294117647059,0.0,0,0.0,0,0.0,0.0,0.0,63.98529411764706,8.499987278638965,20260128-024411_baseline,baseline,0,0
3,15.0,20.0,70,14.0,70,0,0,4,0.3571428571428571,0.0,0,0.0,0,0.0,0.0,0.0,64.5,8.5,20260128-024411_baseline,baseline,0,0
4,20.0,25.0,74,14.8,70,4,0,4,0.3243243243243243,0.0,0,0.0,0,0.0,0.0,0.0,63.554054054054056,8.475946717260259,20260128-024411_baseline,baseline,0,0
5,25.0,30.0,70,14.0,68,2,0,4,0.3285714285714285,0.0,0,0.0,0,0.0,0.0,0.0,64.0,8.500420157682964,20260128-024411_baseline,baseline,0,0
6,30.0,35.0,82,16.4,76,6,0,4,0.2926829268292683,0.0,0,0.0,0,0.0,0.0,0.0,63.21951219512195,8.442090236838531,20260128-024411_baseline,baseline,0,0
7,35.0,40.0,66,13.2,66,0,0,4,0.3636363636363636,0.0,0,0.0,0,0.0,0.0,0.0,64.5,8.5,20260128-024411_baseline,baseline,0,0
8,40.0,45.0,74,14.8,72,2,0,4,0.3378378378378378,0.0,0,0.0,0,0.0,0.0,0.0,64.02702702702703,8.501149322890425,20260128-024411_baseline,baseline,0,0
9,45.0,50.0,70,14.0,70,0,0,4,0.3571428571428571,0.0,0,0.0,0,0.0,0.0,0.0,64.5,8.5,20260128-024411_baseline,baseline,0,0
10,50.0,55.0,70,14.0,70,0,0,4,0.3571428571428571,0.0,0,0.0,0,0.0,0.0,0.0,64.5,8.5,20260128-024411_baseline,baseline,0,0
1,5.0,10.0,722,144.4,716,6,0,6,0.445983379501385,0.0,0,0.0,0,0.0,0.0,0.0,63.95567867036011,8.510428808269618,20260128-024526_baseline_ro_scan,baseline_ro_scan,1,1
2,10.0,15.0,722,144.4,720,2,0,6,0.4473684210526316,0.0,0,0.0,0,0.0,0.0,0.0,64.07756232686981,8.512957087820851,20260128-024526_baseline_ro_scan,baseline_ro_scan,1,1
3,15.0,20.0,708,141.6,708,0,0,6,0.4548022598870056,0.0,0,0.0,0,0.0,0.0,0.0,64.11864406779661,8.513866547296647,20260128-024526_baseline_ro_scan,baseline_ro_scan,1,1
4,20.0,25.0,728,145.6,722,6,0,6,0.445054945054945,0.0,0,0.0,0,0.0,0.0,0.0,63.96016483516483,8.510485192666053,20260128-024526_baseline_ro_scan,baseline_ro_scan,1,1
5,25.0,30.0,712,142.4,712,0,0,6,0.4522471910112359,0.0,0,0.0,0,0.0,0.0,0.0,64.12078651685393,8.513836421810486,20260128-024526_baseline_ro_scan,baseline_ro_scan,1,1
6,30.0,35.0,718,143.6,716,2,0,6,0.4498607242339832,0.0,0,0.0,0,0.0,0.0,0.0,64.07520891364902,8.512970500306283,20260128-024526_baseline_ro_scan,baseline_ro_scan,1,1
7,35.0,40.0,718,143.6,716,2,0,6,0.4498607242339832,0.0,0,0.0,0,0.0,0.0,0.0,64.05013927576601,8.513155065708734,20260128-024526_baseline_ro_scan,baseline_ro_scan,1,1
8,40.0,45.0,720,144.0,718,2,0,6,0.45,0.0,0,0.0,0,0.0,0.0,0.0,64.07638888888889,8.512963856762378,20260128-024526_baseline_ro_scan,baseline_ro_scan,1,1
9,45.0,50.0,716,143.2,714,2,0,6,0.4511173184357542,0.0,0,0.0,0,0.0,0.0,0.0,64.04888268156425,8.51315848946104,20260128-024526_baseline_ro_scan,baseline_ro_scan,1,1
10,50.0,55.0,708,141.6,708,0,0,6,0.4548022598870056,0.0,0,0.0,0,0.0,0.0,0.0,64.11864406779661,8.513866547296647,20260128-024526_baseline_ro_scan,baseline_ro_scan,1,1
11,55.0,60.0,716,143.2,714,2,0,6,0.4511173184357542,0.0,0,0.0,0,0.0,0.0,0.0,64.07402234636872,8.512977016031375,20260128-024526_baseline_ro_scan,baseline_ro_scan,1,1
1,5.0,10.0,718,143.6,716,2,0,6,0.4498607242339832,0.0,0,0.0,0,0.0,0.0,0.0,64.07520891364902,8.512970500306283,20260128-024651_baseline_ro_scan,baseline_ro_scan,1,1
2,10.0,15.0,712,142.4,712,0,0,6,0.4522471910112359,0.0,0,0.0,0,0.0,0.0,0.0,64.12078651685393,8.513836421810486,20260128-024651_baseline_ro_scan,baseline_ro_scan,1,1
3,15.0,20.0,718,143.6,716,2,0,6,0.4512534818941504,0.0,0,0.0,0,0.0,0.0,0.0,64.05013927576601,8.513155065708734,20260128-024651_baseline_ro_scan,baseline_ro_scan,1,1
4,20.0,25.0,714,142.8,714,0,0,6,0.4523809523809524,0.0,0,0.0,0,0.0,0.0,0.0,64.1218487394958,8.513821285690883,20260128-024651_baseline_ro_scan,baseline_ro_scan,1,1
5,25.0,30.0,714,142.8,714,0,0,6,0.4523809523809524,0.0,0,0.0,0,0.0,0.0,0.0,64.1218487394958,8.513821285690883,20260128-024651_baseline_ro_scan,baseline_ro_scan,1,1
6,30.0,35.0,710,142.0,710,0,0,6,0.4535211267605634,0.0,0,0.0,0,0.0,0.0,0.0,64.09436619718309,8.514170248522719,20260128-024651_baseline_ro_scan,baseline_ro_scan,1,1
7,35.0,40.0,712,142.4,712,0,0,6,0.4536516853932584,0.0,0,0.0,0,0.0,0.0,0.0,64.12078651685393,8.513836421810486,20260128-024651_baseline_ro_scan,baseline_ro_scan,1,1
8,40.0,45.0,714,142.8,714,0,0,6,0.4523809523809524,0.0,0,0.0,0,0.0,0.0,0.0,64.09663865546219,8.514144758592652,20260128-024651_baseline_ro_scan,baseline_ro_scan,1,1
9,45.0,50.0,712,142.4,712,0,0,6,0.4536516853932584,0.0,0,0.0,0,0.0,0.0,0.0,64.12078651685393,8.513836421810486,20260128-024651_baseline_ro_scan,baseline_ro_scan,1,1
10,50.0,55.0,720,144.0,716,4,0,6,0.4486111111111111,0.0,0,0.0,0,0.0,0.0,0.0,64.02777777777777,8.511874421820304,20260128-024651_baseline_ro_scan,baseline_ro_scan,1,1
1,5.0,10.0,714,142.8,714,0,0,6,0.4509803921568627,0.0,0,0.0,0,0.0,0.0,0.0,64.1218487394958,8.513821285690883,20260128-024801_baseline_ro_scan,baseline_ro_scan,1,1
2,10.0,15.0,714,142.8,714,0,0,6,0.4523809523809524,0.0,0,0.0,0,0.0,0.0,0.0,64.09663865546219,8.514144758592652,20260128-024801_baseline_ro_scan,baseline_ro_scan,1,1
3,15.0,20.0,714,142.8,712,2,0,6,0.4523809523809524,0.0,0,0.0,0,0.0,0.0,0.0,64.07282913165267,8.512983401474024,20260128-024801_baseline_ro_scan,baseline_ro_scan,1,1
4,20.0,25.0,714,142.8,714,0,0,6,0.4523809523809524,0.0,0,0.0,0,0.0,0.0,0.0,64.1218487394958,8.513821285690883,20260128-024801_baseline_ro_scan,baseline_ro_scan,1,1
5,25.0,30.0,722,144.4,720,2,0,6,0.4487534626038781,0.0,0,0.0,0,0.0,0.0,0.0,64.05263157894737,8.513147726342247,20260128-024801_baseline_ro_scan,baseline_ro_scan,1,1
6,30.0,35.0,720,144.0,716,4,0,6,0.4472222222222222,0.0,0,0.0,0,0.0,0.0,0.0,64.02777777777777,8.511874421820304,20260128-024801_baseline_ro_scan,baseline_ro_scan,1,1
7,35.0,40.0,714,142.8,714,0,0,6,0.453781512605042,0.0,0,0.0,0,0.0,0.0,0.0,64.09663865546219,8.514144758592652,20260128-024801_baseline_ro_scan,baseline_ro_scan,1,1
8,40.0,45.0,714,142.8,714,0,0,6,0.4523809523809524,0.0,0,0.0,0,0.0,0.0,0.0,64.1218487394958,8.513821285690883,20260128-024801_baseline_ro_scan,baseline_ro_scan,1,1
9,45.0,50.0,732,146.4,726,6,0,6,0.4426229508196721,0.0,0,0.0,0,0.0,0.0,0.0,63.98770491803279,8.510592029924341,20260128-024801_baseline_ro_scan,baseline_ro_scan,1,1
10,50.0,55.0,718,143.6,716,2,0,6,0.4484679665738161,0.0,0,0.0,0,0.0,0.0,0.0,64.05013927576601,8.513155065708734,20260128-024801_baseline_ro_scan,baseline_ro_scan,1,1
1,5.0,10.0,714,142.8,714,0,0,6,0.4523809523809524,0.0,0,0.0,0,0.0,0.0,0.0,64.09663865546219,8.514144758592652,20260128-024911_baseline_ro_scan,baseline_ro_scan,1,1
2,10.0,15.0,722,144.4,718,4,0,6,0.445983379501385,0.0,0,0.0,0,0.0,0.0,0.0,64.02908587257618,8.511877736391313,20260128-024911_baseline_ro_scan,baseline_ro_scan,1,1
3,15.0,20.0,718,143.6,716,2,0,6,0.4498607242339832,0.0,0,0.0,0,0.0,0.0,0.0,64.07520891364902,8.512970500306283,20260128-024911_baseline_ro_scan,baseline_ro_scan,1,1
4,20.0,25.0,714,142.8,714,0,0,6,0.4523809523809524,0.0,0,0.0,0,0.0,0.0,0.0,64.09663865546219,8.514144758592652,20260128-024911_baseline_ro_scan,baseline_ro_scan,1,1
5,25.0,30.0,718,143.6,716,2,0,6,0.4484679665738161,0.0,0,0.0,0,0.0,0.0,0.0,64.07520891364902,8.512970500306283,20260128-024911_baseline_ro_scan,baseline_ro_scan,1,1
6,30.0,35.0,712,142.4,712,0,0,6,0.4536516853932584,0.0,0,0.0,0,0.0,0.0,0.0,64.12078651685393,8.513836421810486,20260128-024911_baseline_ro_scan,baseline_ro_scan,1,1
7,35.0,40.0,722,144.4,716,6,0,6,0.445983379501385,0.0,0,0.0,0,0.0,0.0,0.0,63.95567867036011,8.510428808269618,20260128-024911_baseline_ro_scan,baseline_ro_scan,1,1
8,40.0,45.0,718,143.6,716,2,0,6,0.4498607242339832,0.0,0,0.0,0,0.0,0.0,0.0,64.07520891364902,8.512970500306283,20260128-024911_baseline_ro_scan,baseline_ro_scan,1,1
9,45.0,50.0,722,144.4,718,4,0,6,0.445983379501385,0.0,0,0.0,0,0.0,0.0,0.0,64.02908587257618,8.51187773639131,20260128-024911_baseline_ro_scan,baseline_ro_scan,1,1
10,50.0,55.0,708,141.6,708,0,0,6,0.4533898305084746,0.0,0,0.0,0,0.0,0.0,0.0,64.09322033898304,8.514182871444556,20260128-024911_baseline_ro_scan,baseline_ro_scan,1,1
1,5.0,10.0,718,143.6,718,0,0,6,0.4498607242339832,0.0,0,0.0,0,0.0,0.0,0.0,64.09888579387187,8.51411895616742,20260128-025022_baseline_ro_scan,baseline_ro_scan,1,1
2,10.0,15.0,716,143.2,714,2,0,6,0.4511173184357542,0.0,0,0.0,0,0.0,0.0,0.0,64.07402234636872,8.512977016031375,20260128-025022_baseline_ro_scan,baseline_ro_scan,1,1
3,15.0,20.0,724,144.8,720,4,0,6,0.4461325966850828,0.0,0,0.0,0,0.0,0.0,0.0,64.0303867403315,8.51188083328498,20260128-025022_baseline_ro_scan,baseline_ro_scan,1,1
4,20.0,25.0,716,143.2,714,2,0,6,0.4525139664804469,0.0,0,0.0,0,0.0,0.0,0.0,64.04888268156425,8.513158489461038,20260128-025022_baseline_ro_scan,baseline_ro_scan,1,1
5,25.0,30.0,720,144.0,718,2,0,6,0.4472222222222222,0.0,0,0.0,0,0.0,0.0,0.0,64.07638888888889,8.512963856762378,20260128-025022_baseline_ro_scan,baseline_ro_scan,1,1
6,30.0,35.0,720,144.0,716,4,0,6,0.4486111111111111,0.0,0,0.0,0,0.0,0.0,0.0,64.02777777777777,8.511874421820304,20260128-025022_baseline_ro_scan,baseline_ro_scan,1,1
7,35.0,40.0,714,142.8,712,2,0,6,0.4509803921568627,0.0,0,0.0,0,0.0,0.0,0.0,64.04761904761905,8.51316174535018,20260128-025022_baseline_ro_scan,baseline_ro_scan,1,1
8,40.0,45.0,714,142.8,714,0,0,6,0.4523809523809524,0.0,0,0.0,0,0.0,0.0,0.0,64.1218487394958,8.513821285690883,20260128-025022_baseline_ro_scan,baseline_ro_scan,1,1
9,45.0,50.0,714,142.8,712,2,0,6,0.4509803921568627,0.0,0,0.0,0,0.0,0.0,0.0,64.07282913165267,8.512983401474024,20260128-025022_baseline_ro_scan,baseline_ro_scan,1,1
10,50.0,55.0,722,144.4,718,4,0,6,0.4473684210526316,0.0,0,0.0,0,0.0,0.0,0.0,64.00415512465374,8.511926416634278,20260128-025022_baseline_ro_scan,baseline_ro_scan,1,1
11,55.0,60.0,718,143.6,716,2,0,6,0.4512534818941504,0.0,0,0.0,0,0.0,0.0,0.0,64.07520891364902,8.512970500306283,20260128-025022_baseline_ro_scan,baseline_ro_scan,1,1
1,5.0,10.0,726,145.2,720,6,0,6,0.443526170798898,0.0,0,0.0,0,0.0,0.0,0.0,63.98347107438016,8.510551031556854,20260128-025131_baseline_ro_scan,baseline_ro_scan,1,1
2,10.0,15.0,712,142.4,712,0,0,6,0.4522471910112359,0.0,0,0.0,0,0.0,0.0,0.0,64.09550561797752,8.514157543582073,20260128-025131_baseline_ro_scan,baseline_ro_scan,1,1
3,15.0,20.0,714,142.8,714,0,0,6,0.453781512605042,0.0,0,0.0,0,0.0,0.0,0.0,64.1218487394958,8.513821285690883,20260128-025131_baseline_ro_scan,baseline_ro_scan,1,1
4,20.0,25.0,718,143.6,718,0,0,6,0.4484679665738161,0.0,0,0.0,0,0.0,0.0,0.0,64.12395543175488,8.51379087427792,20260128-025131_baseline_ro_scan,baseline_ro_scan,1,1
5,25.0,30.0,712,142.4,712,0,0,6,0.4536516853932584,0.0,0,0.0,0,0.0,0.0,0.0,64.09550561797752,8.514157543582073,20260128-025131_baseline_ro_scan,baseline_ro_scan,1,1
6,30.0,35.0,726,145.2,722,4,0,6,0.4449035812672176,0.0,0,0.0,0,0.0,0.0,0.0,64.03168044077135,8.51188371594382,20260128-025131_baseline_ro_scan,baseline_ro_scan,1,1
7,35.0,40.0,718,143.6,714,4,0,6,0.4484679665738161,0.0,0,0.0,0,0.0,0.0,0.0,64.00139275766017,8.511911906251209,20260128-025131_baseline_ro_scan,baseline_ro_scan,1,1
8,40.0,45.0,714,142.8,714,0,0,6,0.4509803921568627,0.0,0,0.0,0,0.0,0.0,0.0,64.1218487394958,8.513821285690883,20260128-025131_baseline_ro_scan,baseline_ro_scan,1,1
9,45.0,50.0,718,143.6,716,2,0,6,0.4498607242339832,0.0,0,0.0,0,0.0,0.0,0.0,64.07520891364902,8.512970500306283,20260128-025131_baseline_ro_scan,baseline_ro_scan,1,1
10,50.0,55.0,716,143.2,716,0,0,6,0.4525139664804469,0.0,0,0.0,0,0.0,0.0,0.0,64.09776536312849,8.514131895488381,20260128-025131_baseline_ro_scan,baseline_ro_scan,1,1
1,5.0,10.0,716,143.2,714,2,0,6,0.4511173184357542,0.0,0,0.0,0,0.0,0.0,0.0,64.07402234636872,8.512977016031375,20260128-025241_baseline_ro_scan,baseline_ro_scan,1,1
2,10.0,15.0,724,144.8,720,4,0,6,0.4475138121546961,0.0,0,0.0,0,0.0,0.0,0.0,64.00552486187846,8.511933279222431,20260128-025241_baseline_ro_scan,baseline_ro_scan,1,1
3,15.0,20.0,712,142.4,712,0,0,6,0.4522471910112359,0.0,0,0.0,0,0.0,0.0,0.0,64.12078651685393,8.513836421810486,20260128-025241_baseline_ro_scan,baseline_ro_scan,1,1
4,20.0,25.0,718,143.6,716,2,0,6,0.4512534818941504,0.0,0,0.0,0,0.0,0.0,0.0,64.05013927576601,8.513155065708734,20260128-025241_baseline_ro_scan,baseline_ro_scan,1,1
5,25.0,30.0,714,142.8,714,0,0,6,0.453781512605042,0.0,0,0.0,0,0.0,0.0,0.0,64.1218487394958,8.513821285690883,20260128-025241_baseline_ro_scan,baseline_ro_scan,1,1
6,30.0,35.0,718,143.6,714,4,0,6,0.4498607242339832,0.0,0,0.0,0,0.0,0.0,0.0,64.02646239554318,8.511870886072984,20260128-025241_baseline_ro_scan,baseline_ro_scan,1,1
7,35.0,40.0,718,143.6,716,2,0,6,0.4484679665738161,0.0,0,0.0,0,0.0,0.0,0.0,64.05013927576601,8.513155065708732,20260128-025241_baseline_ro_scan,baseline_ro_scan,1,1
8,40.0,45.0,726,145.2,722,4,0,6,0.4449035812672176,0.0,0,0.0,0,0.0,0.0,0.0,64.03168044077135,8.511883715943819,20260128-025241_baseline_ro_scan,baseline_ro_scan,1,1
9,45.0,50.0,714,142.8,712,2,0,6,0.4495798319327731,0.0,0,0.0,0,0.0,0.0,0.0,64.07282913165267,8.512983401474024,20260128-025241_baseline_ro_scan,baseline_ro_scan,1,1
10,50.0,55.0,718,143.6,718,0,0,6,0.4498607242339832,0.0,0,0.0,0,0.0,0.0,0.0,64.09888579387187,8.51411895616742,20260128-025241_baseline_ro_scan,baseline_ro_scan,1,1
11,55.0,60.0,710,142.0,710,0,0,6,0.4535211267605634,0.0,0,0.0,0,0.0,0.0,0.0,64.11971830985915,8.51385150952761,20260128-025241_baseline_ro_scan,baseline_ro_scan,1,1
1,5.0,10.0,726,145.2,722,4,0,6,0.4449035812672176,0.0,0,0.0,0,0.0,0.0,0.0,64.03168044077135,8.51188371594382,20260128-025350_baseline_ro_scan,baseline_ro_scan,1,1
2,10.0,15.0,712,142.4,712,0,0,6,0.4522471910112359,0.0,0,0.0,0,0.0,0.0,0.0,64.09550561797752,8.514157543582073,20260128-025350_baseline_ro_scan,baseline_ro_scan,1,1
3,15.0,20.0,716,143.2,714,2,0,6,0.4511173184357542,0.0,0,0.0,0,0.0,0.0,0.0,64.07402234636872,8.512977016031375,20260128-025350_baseline_ro_scan,baseline_ro_scan,1,1
4,20.0,25.0,714,142.8,714,0,0,6,0.4523809523809524,0.0,0,0.0,0,0.0,0.0,0.0,64.09663865546219,8.514144758592652,20260128-025350_baseline_ro_scan,baseline_ro_scan,1,1
5,25.0,30.0,716,143.2,716,0,0,6,0.4511173184357542,0.0,0,0.0,0,0.0,0.0,0.0,64.12290502793296,8.513806102684596,20260128-025350_baseline_ro_scan,baseline_ro_scan,1,1
6,30.0,35.0,716,143.2,714,2,0,6,0.4497206703910614,0.0,0,0.0,0,0.0,0.0,0.0,64.07402234636872,8.512977016031375,20260128-025350_baseline_ro_scan,baseline_ro_scan,1,1
7,35.0,40.0,722,144.4,718,4,0,6,0.4473684210526316,0.0,0,0.0,0,0.0,0.0,0.0,64.00415512465374,8.51192641663428,20260128-025350_baseline_ro_scan,baseline_ro_scan,1,1
8,40.0,45.0,716,143.2,716,0,0,6,0.4511173184357542,0.0,0,0.0,0,0.0,0.0,0.0,64.12290502793296,8.513806102684596,20260128-025350_baseline_ro_scan,baseline_ro_scan,1,1
9,45.0,50.0,726,145.2,722,4,0,6,0.4462809917355372,0.0,0,0.0,0,0.0,0.0,0.0,64.03168044077135,8.51188371594382,20260128-025350_baseline_ro_scan,baseline_ro_scan,1,1
10,50.0,55.0,728,145.6,720,8,0,6,0.4423076923076923,0.0,0,0.0,0,0.0,0.0,0.0,63.91208791208791,8.508752251146575,20260128-025350_baseline_ro_scan,baseline_ro_scan,1,1
1,5.0,10.0,722,144.4,720,2,0,6,0.4487534626038781,0.0,0,0.0,0,0.0,0.0,0.0,64.05263157894737,8.513147726342247,20260128-025501_baseline_ro_scan,baseline_ro_scan,1,1
2,10.0,15.0,720,144.0,716,4,0,6,0.4486111111111111,0.0,0,0.0,0,0.0,0.0,0.0,64.02777777777777,8.511874421820304,20260128-025501_baseline_ro_scan,baseline_ro_scan,1,1
3,15.0,20.0,716,143.2,716,0,0,6,0.4525139664804469,0.0,0,0.0,0,0.0,0.0,0.0,64.09776536312849,8.514131895488381,20260128-025501_baseline_ro_scan,baseline_ro_scan,1,1
4,20.0,25.0,714,142.8,714,0,0,6,0.4523809523809524,0.0,0,0.0,0,0.0,0.0,0.0,64.1218487394958,8.513821285690883,20260128-025501_baseline_ro_scan,baseline_ro_scan,1,1
5,25.0,30.0,716,143.2,714,2,0,6,0.4511173184357542,0.0,0,0.0,0,0.0,0.0,0.0,64.07402234636872,8.512977016031375,20260128-025501_baseline_ro_scan,baseline_ro_scan,1,1
6,30.0,35.0,718,143.6,716,2,0,6,0.4498607242339832,0.0,0,0.0,0,0.0,0.0,0.0,64.05013927576601,8.513155065708734,20260128-025501_baseline_ro_scan,baseline_ro_scan,1,1
7,35.0,40.0,724,144.8,720,4,0,6,0.4475138121546961,0.0,0,0.0,0,0.0,0.0,0.0,64.0303867403315,8.51188083328498,20260128-025501_baseline_ro_scan,baseline_ro_scan,1,1
8,40.0,45.0,722,144.4,720,2,0,6,0.4487534626038781,0.0,0,0.0,0,0.0,0.0,0.0,64.05263157894737,8.513147726342247,20260128-025501_baseline_ro_scan,baseline_ro_scan,1,1
9,45.0,50.0,712,142.4,712,0,0,6,0.4536516853932584,0.0,0,0.0,0,0.0,0.0,0.0,64.12078651685393,8.513836421810486,20260128-025501_baseline_ro_scan,baseline_ro_scan,1,1
10,50.0,55.0,720,144.0,718,2,0,6,0.4486111111111111,0.0,0,0.0,0,0.0,0.0,0.0,64.07638888888889,8.512963856762378,20260128-025501_baseline_ro_scan,baseline_ro_scan,1,1
1,5.0,10.0,712,142.4,712,0,0,6,0.4536516853932584,0.0,0,0.0,0,0.0,0.0,0.0,64.12078651685393,8.513836421810486,20260128-025611_baseline_ro_scan,baseline_ro_scan,1,1
2,10.0,15.0,714,142.8,714,0,0,6,0.4523809523809524,0.0,0,0.0,0,0.0,0.0,0.0,64.09663865546219,8.514144758592652,20260128-025611_baseline_ro_scan,baseline_ro_scan,1,1
3,15.0,20.0,720,144.0,718,2,0,6,0.4486111111111111,0.0,0,0.0,0,0.0,0.0,0.0,64.07638888888889,8.512963856762378,20260128-025611_baseline_ro_scan,baseline_ro_scan,1,1
4,20.0,25.0,722,144.4,718,4,0,6,0.4473684210526316,0.0,0,0.0,0,0.0,0.0,0.0,64.00415512465374,8.51192641663428,20260128-025611_baseline_ro_scan,baseline_ro_scan,1,1
5,25.0,30.0,712,142.4,712,0,0,6,0.4536516853932584,0.0,0,0.0,0,0.0,0.0,0.0,64.12078651685393,8.513836421810486,20260128-025611_baseline_ro_scan,baseline_ro_scan,1,1
6,30.0,35.0,716,143.2,716,0,0,6,0.4525139664804469,0.0,0,0.0,0,0.0,0.0,0.0,64.12290502793296,8.513806102684596,20260128-025611_baseline_ro_scan,baseline_ro_scan,1,1
7,35.0,40.0,720,144.0,716,4,0,6,0.4472222222222222,0.0,0,0.0,0,0.0,0.0,0.0,64.00277777777778,8.511919293656891,20260128-025611_baseline_ro_scan,baseline_ro_scan,1,1
8,40.0,45.0,716,143.2,716,0,0,6,0.4511173184357542,0.0,0,0.0,0,0.0,0.0,0.0,64.12290502793296,8.513806102684596,20260128-025611_baseline_ro_scan,baseline_ro_scan,1,1
9,45.0,50.0,724,144.8,720,4,0,6,0.4461325966850828,0.0,0,0.0,0,0.0,0.0,0.0,64.0303867403315,8.51188083328498,20260128-025611_baseline_ro_scan,baseline_ro_scan,1,1
10,50.0,55.0,712,142.4,712,0,0,6,0.4522471910112359,0.0,0,0.0,0,0.0,0.0,0.0,64.09550561797752,8.514157543582073,20260128-025611_baseline_ro_scan,baseline_ro_scan,1,1
11,55.0,60.0,718,143.6,714,4,0,6,0.4498607242339832,0.0,0,0.0,0,0.0,0.0,0.0,64.02646239554318,8.511870886072984,20260128-025611_baseline_ro_scan,baseline_ro_scan,1,1
1,5.0,10.0,714,142.8,714,0,0,6,0.453781512605042,0.0,0,0.0,0,0.0,0.0,0.0,64.09663865546219,8.514144758592652,20260128-025721_baseline_ro_scan,baseline_ro_scan,1,1
2,10.0,15.0,716,143.2,714,2,0,6,0.4497206703910614,0.0,0,0.0,0,0.0,0.0,0.0,64.07402234636872,8.512977016031375,20260128-025721_baseline_ro_scan,baseline_ro_scan,1,1
3,15.0,20.0,712,142.4,712,0,0,6,0.4522471910112359,0.0,0,0.0,0,0.0,0.0,0.0,64.12078651685393,8.513836421810486,20260128-025721_baseline_ro_scan,baseline_ro_scan,1,1
4,20.0,25.0,716,143.2,714,2,0,6,0.4483240223463687,0.0,0,0.0,0,0.0,0.0,0.0,64.04888268156425,8.513158489461038,20260128-025721_baseline_ro_scan,baseline_ro_scan,1,1
5,25.0,30.0,718,143.6,716,2,0,6,0.4498607242339832,0.0,0,0.0,0,0.0,0.0,0.0,64.07520891364902,8.512970500306285,20260128-025721_baseline_ro_scan,baseline_ro_scan,1,1
6,30.0,35.0,714,142.8,712,2,0,6,0.4509803921568627,0.0,0,0.0,0,0.0,0.0,0.0,64.07282913165267,8.512983401474024,20260128-025721_baseline_ro_scan,baseline_ro_scan,1,1
7,35.0,40.0,726,145.2,720,6,0,6,0.4449035812672176,0.0,0,0.0,0,0.0,0.0,0.0,63.95867768595041,8.510466763490571,20260128-025721_baseline_ro_scan,baseline_ro_scan,1,1
8,40.0,45.0,718,143.6,716,2,0,6,0.4484679665738161,0.0,0,0.0,0,0.0,0.0,0.0,64.07520891364902,8.512970500306283,20260128-025721_baseline_ro_scan,baseline_ro_scan,1,1
9,45.0,50.0,718,143.6,716,2,0,6,0.4498607242339832,0.0,0,0.0,0,0.0,0.0,0.0,64.05013927576601,8.513155065708732,20260128-025721_baseline_ro_scan,baseline_ro_scan,1,1
10,50.0,55.0,724,144.8,720,4,0,6,0.4461325966850828,0.0,0,0.0,0,0.0,0.0,0.0,64.0303867403315,8.51188083328498,20260128-025721_baseline_ro_scan,baseline_ro_scan,1,1
1,5.0,10.0,710,142.0,710,0,0,6,0.4535211267605634,0.0,0,0.0,0,0.0,0.0,0.0,64.11971830985915,8.51385150952761,20260128-025830_baseline_ro_scan,baseline_ro_scan,1,1
2,10.0,15.0,720,144.0,718,2,0,6,0.4486111111111111,0.0,0,0.0,0,0.0,0.0,0.0,64.0513888888889,8.513151477037587,20260128-025830_baseline_ro_scan,baseline_ro_scan,1,1
3,15.0,20.0,714,142.8,712,2,0,6,0.4509803921568627,0.0,0,0.0,0,0.0,0.0,0.0,64.07282913165267,8.512983401474024,20260128-025830_baseline_ro_scan,baseline_ro_scan,1,1
4,20.0,25.0,720,144.0,718,2,0,6,0.4486111111111111,0.0,0,0.0,0,0.0,0.0,0.0,64.0513888888889,8.513151477037587,20260128-025830_baseline_ro_scan,baseline_ro_scan,1,1
5,25.0,30.0,718,143.6,714,4,0,6,0.4484679665738161,0.0,0,0.0,0,0.0,0.0,0.0,64.02646239554318,8.511870886072984,20260128-025830_baseline_ro_scan,baseline_ro_scan,1,1
6,30.0,35.0,712,142.4,712,0,0,6,0.4536516853932584,0.0,0,0.0,0,0.0,0.0,0.0,64.12078651685393,8.513836421810486,20260128-025830_baseline_ro_scan,baseline_ro_scan,1,1
7,35.0,40.0,722,144.4,718,4,0,6,0.445983379501385,0.0,0,0.0,0,0.0,0.0,0.0,64.00415512465374,8.511926416634278,20260128-025830_baseline_ro_scan,baseline_ro_scan,1,1
8,40.0,45.0,712,142.4,712,0,0,6,0.4522471910112359,0.0,0,0.0,0,0.0,0.0,0.0,64.12078651685393,8.513836421810486,20260128-025830_baseline_ro_scan,baseline_ro_scan,1,1
9,45.0,50.0,716,143.2,714,2,0,6,0.4525139664804469,0.0,0,0.0,0,0.0,0.0,0.0,64.07402234636872,8.512977016031375,20260128-025830_baseline_ro_scan,baseline_ro_scan,1,1
10,50.0,55.0,718,143.6,716,2,0,6,0.4484679665738161,0.0,0,0.0,0,0.0,0.0,0.0,64.05013927576601,8.513155065708732,20260128-025830_baseline_ro_scan,baseline_ro_scan,1,1
11,55.0,60.0,718,143.6,714,4,0,6,0.4484679665738161,0.0,0,0.0,0,0.0,0.0,0.0,64.02646239554318,8.511870886072984,20260128-025830_baseline_ro_scan,baseline_ro_scan,1,1
1,5.0,10.0,720,144.0,718,2,0,6,0.45,0.0,0,0.0,0,0.0,0.0,0.0,64.07638888888889,8.512963856762376,20260128-025940_baseline_ro_scan,baseline_ro_scan,1,1
2,10.0,15.0,718,143.6,716,2,0,6,0.4498607242339832,0.0,0,0.0,0,0.0,0.0,0.0,64.05013927576601,8.513155065708734,20260128-025940_baseline_ro_scan,baseline_ro_scan,1,1
3,15.0,20.0,714,142.8,714,0,0,6,0.4523809523809524,0.0,0,0.0,0,0.0,0.0,0.0,64.1218487394958,8.513821285690883,20260128-025940_baseline_ro_scan,baseline_ro_scan,1,1
4,20.0,25.0,714,142.8,712,2,0,6,0.4509803921568627,0.0,0,0.0,0,0.0,0.0,0.0,64.07282913165267,8.512983401474024,20260128-025940_baseline_ro_scan,baseline_ro_scan,1,1
5,25.0,30.0,720,144.0,718,2,0,6,0.4486111111111111,0.0,0,0.0,0,0.0,0.0,0.0,64.0513888888889,8.513151477037587,20260128-025940_baseline_ro_scan,baseline_ro_scan,1,1
6,30.0,35.0,716,143.2,714,2,0,6,0.4497206703910614,0.0,0,0.0,0,0.0,0.0,0.0,64.07402234636872,8.512977016031375,20260128-025940_baseline_ro_scan,baseline_ro_scan,1,1
7,35.0,40.0,714,142.8,714,0,0,6,0.4523809523809524,0.0,0,0.0,0,0.0,0.0,0.0,64.09663865546219,8.514144758592652,20260128-025940_baseline_ro_scan,baseline_ro_scan,1,1
8,40.0,45.0,722,144.4,718,4,0,6,0.4473684210526316,0.0,0,0.0,0,0.0,0.0,0.0,64.02908587257618,8.511877736391313,20260128-025940_baseline_ro_scan,baseline_ro_scan,1,1
9,45.0,50.0,716,143.2,714,2,0,6,0.4511173184357542,0.0,0,0.0,0,0.0,0.0,0.0,64.07402234636872,8.512977016031375,20260128-025940_baseline_ro_scan,baseline_ro_scan,1,1
10,50.0,55.0,710,142.0,710,0,0,6,0.4535211267605634,0.0,0,0.0,0,0.0,0.0,0.0,64.09436619718309,8.514170248522719,20260128-025940_baseline_ro_scan,baseline_ro_scan,1,1
11,55.0,60.0,720,144.0,716,4,0,6,0.4486111111111111,0.0,0,0.0,0,0.0,0.0,0.0,64.02777777777777,8.511874421820304,20260128-025940_baseline_ro_scan,baseline_ro_scan,1,1
1,5.0,10.0,722,144.4,716,6,0,6,0.4473684210526316,0.0,0,0.0,0,0.0,0.0,0.0,63.95567867036011,8.510428808269618,20260128-030049_baseline_ro_scan,baseline_ro_scan,1,1
2,10.0,15.0,716,143.2,714,2,0,6,0.4497206703910614,0.0,0,0.0,0,0.0,0.0,0.0,64.07402234636872,8.512977016031375,20260128-030049_baseline_ro_scan,baseline_ro_scan,1,1
3,15.0,20.0,722,144.4,720,2,0,6,0.4487534626038781,0.0,0,0.0,0,0.0,0.0,0.0,64.07756232686981,8.512957087820851,20260128-030049_baseline_ro_scan,baseline_ro_scan,1,1
4,20.0,25.0,712,142.4,712,0,0,6,0.4536516853932584,0.0,0,0.0,0,0.0,0.0,0.0,64.09550561797752,8.514157543582073,20260128-030049_baseline_ro_scan,baseline_ro_scan,1,1
5,25.0,30.0,716,143.2,716,0,0,6,0.4525139664804469,0.0,0,0.0,0,0.0,0.0,0.0,64.12290502793296,8.513806102684596,20260128-030049_baseline_ro_scan,baseline_ro_scan,1,1
6,30.0,35.0,710,142.0,710,0,0,6,0.4535211267605634,0.0,0,0.0,0,0.0,0.0,0.0,64.09436619718309,8.514170248522719,20260128-030049_baseline_ro_scan,baseline_ro_scan,1,1
7,35.0,40.0,722,144.4,720,2,0,6,0.4487534626038781,0.0,0,0.0,0,0.0,0.0,0.0,64.07756232686981,8.512957087820851,20260128-030049_baseline_ro_scan,baseline_ro_scan,1,1
8,40.0,45.0,716,143.2,714,2,0,6,0.4511173184357542,0.0,0,0.0,0,0.0,0.0,0.0,64.07402234636872,8.512977016031375,20260128-030049_baseline_ro_scan,baseline_ro_scan,1,1
9,45.0,50.0,716,143.2,716,0,0,6,0.4511173184357542,0.0,0,0.0,0,0.0,0.0,0.0,64.09776536312849,8.514131895488381,20260128-030049_baseline_ro_scan,baseline_ro_scan,1,1
10,50.0,55.0,712,142.4,712,0,0,6,0.4536516853932584,0.0,0,0.0,0,0.0,0.0,0.0,64.12078651685393,8.513836421810486,20260128-030049_baseline_ro_scan,baseline_ro_scan,1,1
1,5.0,10.0,716,143.2,716,0,0,6,0.4525139664804469,0.0,0,0.0,0,0.0,0.0,0.0,64.09776536312849,8.514131895488381,20260128-030208_baseline_ro_scan,baseline_ro_scan,1,1
2,10.0,15.0,716,143.2,714,2,0,6,0.4497206703910614,0.0,0,0.0,0,0.0,0.0,0.0,64.07402234636872,8.512977016031375,20260128-030208_baseline_ro_scan,baseline_ro_scan,1,1
3,15.0,20.0,720,144.0,718,2,0,6,0.4486111111111111,0.0,0,0.0,0,0.0,0.0,0.0,64.0513888888889,8.513151477037587,20260128-030208_baseline_ro_scan,baseline_ro_scan,1,1
4,20.0,25.0,712,142.4,712,0,0,6,0.4536516853932584,0.0,0,0.0,0,0.0,0.0,0.0,64.12078651685393,8.513836421810486,20260128-030208_baseline_ro_scan,baseline_ro_scan,1,1
5,25.0,30.0,718,143.6,716,2,0,6,0.4498607242339832,0.0,0,0.0,0,0.0,0.0,0.0,64.07520891364902,8.512970500306283,20260128-030208_baseline_ro_scan,baseline_ro_scan,1,1
6,30.0,35.0,712,142.4,712,0,0,6,0.4536516853932584,0.0,0,0.0,0,0.0,0.0,0.0,64.09550561797752,8.514157543582073,20260128-030208_baseline_ro_scan,baseline_ro_scan,1,1
7,35.0,40.0,720,144.0,716,4,0,6,0.4486111111111111,0.0,0,0.0,0,0.0,0.0,0.0,64.02777777777777,8.511874421820304,20260128-030208_baseline_ro_scan,baseline_ro_scan,1,1
8,40.0,45.0,714,142.8,714,0,0,6,0.453781512605042,0.0,0,0.0,0,0.0,0.0,0.0,64.1218487394958,8.513821285690883,20260128-030208_baseline_ro_scan,baseline_ro_scan,1,1
9,45.0,50.0,718,143.6,716,2,0,6,0.4498607242339832,0.0,0,0.0,0,0.0,0.0,0.0,64.05013927576601,8.513155065708734,20260128-030208_baseline_ro_scan,baseline_ro_scan,1,1
10,50.0,55.0,718,143.6,716,2,0,6,0.4498607242339832,0.0,0,0.0,0,0.0,0.0,0.0,64.07520891364902,8.512970500306283,20260128-030208_baseline_ro_scan,baseline_ro_scan,1,1
1,5.0,10.0,722,144.4,720,2,0,6,0.4487534626038781,0.0,0,0.0,0,0.0,0.0,0.0,64.05263157894737,8.513147726342247,20260128-030320_baseline_ro_scan,baseline_ro_scan,1,1
2,10.0,15.0,718,143.6,716,2,0,6,0.4512534818941504,0.0,0,0.0,0,0.0,0.0,0.0,64.07520891364902,8.512970500306283,20260128-030320_baseline_ro_scan,baseline_ro_scan,1,1
3,15.0,20.0,710,142.0,710,0,0,6,0.4535211267605634,0.0,0,0.0,0,0.0,0.0,0.0,64.11971830985915,8.51385150952761,20260128-030320_baseline_ro_scan,baseline_ro_scan,1,1
4,20.0,25.0,718,143.6,716,2,0,6,0.4498607242339832,0.0,0,0.0,0,0.0,0.0,0.0,64.05013927576601,8.513155065708732,20260128-030320_baseline_ro_scan,baseline_ro_scan,1,1
5,25.0,30.0,720,144.0,716,4,0,6,0.4472222222222222,0.0,0,0.0,0,0.0,0.0,0.0,64.02777777777777,8.511874421820304,20260128-030320_baseline_ro_scan,baseline_ro_scan,1,1
6,30.0,35.0,714,142.8,714,0,0,6,0.4523809523809524,0.0,0,0.0,0,0.0,0.0,0.0,64.1218487394958,8.513821285690883,20260128-030320_baseline_ro_scan,baseline_ro_scan,1,1
7,35.0,40.0,712,142.4,712,0,0,6,0.4522471910112359,0.0,0,0.0,0,0.0,0.0,0.0,64.09550561797752,8.514157543582073,20260128-030320_baseline_ro_scan,baseline_ro_scan,1,1
8,40.0,45.0,714,142.8,712,2,0,6,0.4495798319327731,0.0,0,0.0,0,0.0,0.0,0.0,64.07282913165267,8.512983401474024,20260128-030320_baseline_ro_scan,baseline_ro_scan,1,1
9,45.0,50.0,722,144.4,718,4,0,6,0.4473684210526316,0.0,0,0.0,0,0.0,0.0,0.0,64.02908587257618,8.51187773639131,20260128-030320_baseline_ro_scan,baseline_ro_scan,1,1
10,50.0,55.0,716,143.2,716,0,0,6,0.4525139664804469,0.0,0,0.0,0,0.0,0.0,0.0,64.09776536312849,8.514131895488381,20260128-030320_baseline_ro_scan,baseline_ro_scan,1,1
11,55.0,60.0,736,147.2,728,8,0,6,0.4442934782608695,0.0,0,0.0,0,0.0,0.0,0.0,63.942934782608695,8.509074700378257,20260128-030320_baseline_ro_scan,baseline_ro_scan,1,1
1,5.0,10.0,726,145.2,722,4,0,6,0.4462809917355372,0.0,0,0.0,0,0.0,0.0,0.0,64.0068870523416,8.511939885395522,20260128-030435_baseline_ro_scan,baseline_ro_scan,1,1
2,10.0,15.0,712,142.4,712,0,0,6,0.4536516853932584,0.0,0,0.0,0,0.0,0.0,0.0,64.12078651685393,8.513836421810486,20260128-030435_baseline_ro_scan,baseline_ro_scan,1,1
3,15.0,20.0,718,143.6,716,2,0,6,0.4498607242339832,0.0,0,0.0,0,0.0,0.0,0.0,64.07520891364902,8.512970500306283,20260128-030435_baseline_ro_scan,baseline_ro_scan,1,1
4,20.0,25.0,714,142.8,714,0,0,6,0.4509803921568627,0.0,0,0.0,0,0.0,0.0,0.0,64.09663865546219,8.514144758592652,20260128-030435_baseline_ro_scan,baseline_ro_scan,1,1
5,25.0,30.0,722,144.4,718,4,0,6,0.4487534626038781,0.0,0,0.0,0,0.0,0.0,0.0,64.02908587257618,8.51187773639131,20260128-030435_baseline_ro_scan,baseline_ro_scan,1,1
6,30.0,35.0,710,142.0,710,0,0,6,0.4535211267605634,0.0,0,0.0,0,0.0,0.0,0.0,64.11971830985915,8.51385150952761,20260128-030435_baseline_ro_scan,baseline_ro_scan,1,1
7,35.0,40.0,716,143.2,714,2,0,6,0.4511173184357542,0.0,0,0.0,0,0.0,0.0,0.0,64.04888268156425,8.513158489461038,20260128-030435_baseline_ro_scan,baseline_ro_scan,1,1
8,40.0,45.0,710,142.0,710,0,0,6,0.452112676056338,0.0,0,0.0,0,0.0,0.0,0.0,64.11971830985915,8.51385150952761,20260128-030435_baseline_ro_scan,baseline_ro_scan,1,1
9,45.0,50.0,720,144.0,718,2,0,6,0.45,0.0,0,0.0,0,0.0,0.0,0.0,64.0513888888889,8.513151477037587,20260128-030435_baseline_ro_scan,baseline_ro_scan,1,1
10,50.0,55.0,714,142.8,712,2,0,6,0.4509803921568627,0.0,0,0.0,0,0.0,0.0,0.0,64.07282913165267,8.512983401474024,20260128-030435_baseline_ro_scan,baseline_ro_scan,1,1
11,55.0,60.0,724,144.8,720,4,0,6,0.4461325966850828,0.0,0,0.0,0,0.0,0.0,0.0,64.0303867403315,8.51188083328498,20260128-030435_baseline_ro_scan,baseline_ro_scan,1,1
1,5.0,10.0,724,144.8,720,4,0,6,0.4475138121546961,0.0,0,0.0,0,0.0,0.0,0.0,64.00552486187846,8.511933279222431,20260128-030641_baseline_ro_scan,baseline_ro_scan,1,1
2,10.0,15.0,716,143.2,714,2,0,6,0.4511173184357542,0.0,0,0.0,0,0.0,0.0,0.0,64.07402234636872,8.512977016031376,20260128-030641_baseline_ro_scan,baseline_ro_scan,1,1
3,15.0,20.0,712,142.4,712,0,0,6,0.4522471910112359,0.0,0,0.0,0,0.0,0.0,0.0,64.12078651685393,8.513836421810486,20260128-030641_baseline_ro_scan,baseline_ro_scan,1,1
4,20.0,25.0,712,142.4,712,0,0,6,0.4522471910112359,0.0,0,0.0,0,0.0,0.0,0.0,64.09550561797752,8.514157543582073,20260128-030641_baseline_ro_scan,baseline_ro_scan,1,1
5,25.0,30.0,714,142.8,714,0,0,6,0.4523809523809524,0.0,0,0.0,0,0.0,0.0,0.0,64.1218487394958,8.513821285690883,20260128-030641_baseline_ro_scan,baseline_ro_scan,1,1
6,30.0,35.0,724,144.8,718,6,0,6,0.4447513812154696,0.0,0,0.0,0,0.0,0.0,0.0,63.98204419889503,8.510536739845243,20260128-030641_baseline_ro_scan,baseline_ro_scan,1,1
7,35.0,40.0,714,142.8,714,0,0,6,0.4509803921568627,0.0,0,0.0,0,0.0,0.0,0.0,64.09663865546219,8.514144758592652,20260128-030641_baseline_ro_scan,baseline_ro_scan,1,1
8,40.0,45.0,716,143.2,714,2,0,6,0.4497206703910614,0.0,0,0.0,0,0.0,0.0,0.0,64.07402234636872,8.512977016031376,20260128-030641_baseline_ro_scan,baseline_ro_scan,1,1
9,45.0,50.0,720,144.0,716,4,0,6,0.4486111111111111,0.0,0,0.0,0,0.0,0.0,0.0,64.02777777777777,8.511874421820304,20260128-030641_baseline_ro_scan,baseline_ro_scan,1,1
10,50.0,55.0,716,143.2,716,0,0,6,0.4511173184357542,0.0,0,0.0,0,0.0,0.0,0.0,64.09776536312849,8.514131895488381,20260128-030641_baseline_ro_scan,baseline_ro_scan,1,1
11,55.0,60.0,726,145.2,720,6,0,6,0.4449035812672176,0.0,0,0.0,0,0.0,0.0,0.0,63.98347107438016,8.510551031556853,20260128-030641_baseline_ro_scan,baseline_ro_scan,1,1
1,5.0,10.0,718,143.6,716,2,0,6,0.4498607242339832,0.0,0,0.0,0,0.0,0.0,0.0,64.07520891364902,8.512970500306283,20260128-030759_baseline_ro_scan,baseline_ro_scan,1,1
2,10.0,15.0,726,145.2,722,4,0,6,0.4449035812672176,0.0,0,0.0,0,0.0,0.0,0.0,64.03168044077135,8.511883715943819,20260128-030759_baseline_ro_scan,baseline_ro_scan,1,1
3,15.0,20.0,718,143.6,716,2,0,6,0.4498607242339832,0.0,0,0.0,0,0.0,0.0,0.0,64.05013927576601,8.513155065708734,20260128-030759_baseline_ro_scan,baseline_ro_scan,1,1
4,20.0,25.0,716,143.2,716,0,0,6,0.4525139664804469,0.0,0,0.0,0,0.0,0.0,0.0,64.12290502793296,8.513806102684596,20260128-030759_baseline_ro_scan,baseline_ro_scan,1,1
5,25.0,30.0,724,144.8,718,6,0,6,0.4461325966850828,0.0,0,0.0,0,0.0,0.0,0.0,63.98204419889503,8.510536739845243,20260128-030759_baseline_ro_scan,baseline_ro_scan,1,1
6,30.0,35.0,712,142.4,712,0,0,6,0.4536516853932584,0.0,0,0.0,0,0.0,0.0,0.0,64.09550561797752,8.514157543582073,20260128-030759_baseline_ro_scan,baseline_ro_scan,1,1
7,35.0,40.0,712,142.4,712,0,0,6,0.4522471910112359,0.0,0,0.0,0,0.0,0.0,0.0,64.12078651685393,8.513836421810486,20260128-030759_baseline_ro_scan,baseline_ro_scan,1,1
8,40.0,45.0,716,143.2,714,2,0,6,0.4525139664804469,0.0,0,0.0,0,0.0,0.0,0.0,64.04888268156425,8.513158489461038,20260128-030759_baseline_ro_scan,baseline_ro_scan,1,1
9,45.0,50.0,716,143.2,714,2,0,6,0.4497206703910614,0.0,0,0.0,0,0.0,0.0,0.0,64.07402234636872,8.512977016031375,20260128-030759_baseline_ro_scan,baseline_ro_scan,1,1
10,50.0,55.0,714,142.8,714,0,0,6,0.453781512605042,0.0,0,0.0,0,0.0,0.0,0.0,64.1218487394958,8.513821285690883,20260128-030759_baseline_ro_scan,baseline_ro_scan,1,1
11,55.0,60.0,722,144.4,718,4,0,6,0.4487534626038781,0.0,0,0.0,0,0.0,0.0,0.0,64.00415512465374,8.51192641663428,20260128-030759_baseline_ro_scan,baseline_ro_scan,1,1
1,5.0,10.0,724,144.8,720,4,0,6,0.4461325966850828,0.0,0,0.0,0,0.0,0.0,0.0,64.00552486187846,8.511933279222431,20260128-030912_baseline_ro_scan,baseline_ro_scan,1,1
2,10.0,15.0,710,142.0,710,0,0,6,0.4535211267605634,0.0,0,0.0,0,0.0,0.0,0.0,64.11971830985915,8.51385150952761,20260128-030912_baseline_ro_scan,baseline_ro_scan,1,1
3,15.0,20.0,714,142.8,714,0,0,6,0.4509803921568627,0.0,0,0.0,0,0.0,0.0,0.0,64.1218487394958,8.513821285690883,20260128-030912_baseline_ro_scan,baseline_ro_scan,1,1
4,20.0,25.0,714,142.8,714,0,0,6,0.4523809523809524,0.0,0,0.0,0,0.0,0.0,0.0,64.09663865546219,8.514144758592652,20260128-030912_baseline_ro_scan,baseline_ro_scan,1,1
5,25.0,30.0,716,143.2,714,2,0,6,0.4497206703910614,0.0,0,0.0,0,0.0,0.0,0.0,64.07402234636872,8.512977016031375,20260128-030912_baseline_ro_scan,baseline_ro_scan,1,1
6,30.0,35.0,716,143.2,714,2,0,6,0.4511173184357542,0.0,0,0.0,0,0.0,0.0,0.0,64.07402234636872,8.512977016031375,20260128-030912_baseline_ro_scan,baseline_ro_scan,1,1
7,35.0,40.0,716,143.2,716,0,0,6,0.4511173184357542,0.0,0,0.0,0,0.0,0.0,0.0,64.09776536312849,8.514131895488381,20260128-030912_baseline_ro_scan,baseline_ro_scan,1,1
8,40.0,45.0,712,142.4,712,0,0,6,0.4536516853932584,0.0,0,0.0,0,0.0,0.0,0.0,64.12078651685393,8.513836421810486,20260128-030912_baseline_ro_scan,baseline_ro_scan,1,1
9,45.0,50.0,712,142.4,712,0,0,6,0.4522471910112359,0.0,0,0.0,0,0.0,0.0,0.0,64.12078651685393,8.513836421810486,20260128-030912_baseline_ro_scan,baseline_ro_scan,1,1
10,50.0,55.0,714,142.8,714,0,0,6,0.4509803921568627,0.0,0,0.0,0,0.0,0.0,0.0,64.09663865546219,8.514144758592652,20260128-030912_baseline_ro_scan,baseline_ro_scan,1,1
11,55.0,60.0,716,143.2,714,2,0,6,0.4497206703910614,0.0,0,0.0,0,0.0,0.0,0.0,64.07402234636872,8.512977016031375,20260128-030912_baseline_ro_scan,baseline_ro_scan,1,1
1,5.0,10.0,172,34.4,74,98,0,6,0.2674418604651162,0.0,0,0.0,0,0.0,0.0,0.0,59.343023255813954,6.780084390942075,20260128-031044_baseline_write_inj,baseline_write_inj,2,1
2,10.0,15.0,162,32.4,68,94,0,6,0.2839506172839506,0.0,0,0.0,0,0.0,0.0,0.0,59.45679012345679,6.850339061115735,20260128-031044_baseline_write_inj,baseline_write_inj,2,1
3,15.0,20.0,160,32.0,66,94,0,6,0.2875,0.0,0,0.0,0,0.0,0.0,0.0,59.39375,6.803580743806896,20260128-031044_baseline_write_inj,baseline_write_inj,2,1
4,20.0,25.0,162,32.4,70,92,0,6,0.2839506172839506,0.0,0,0.0,0,0.0,0.0,0.0,59.67283950617284,6.996322002797922,20260128-031044_baseline_write_inj,baseline_write_inj,2,1
5,25.0,30.0,172,34.4,74,98,0,6,0.2674418604651162,0.0,0,0.0,0,0.0,0.0,0.0,59.343023255813954,6.780084390942075,20260128-031044_baseline_write_inj,baseline_write_inj,2,1
6,30.0,35.0,172,34.4,76,96,0,6,0.2674418604651162,0.0,0,0.0,0,0.0,0.0,0.0,59.54651162790697,6.9225902141554325,20260128-031044_baseline_write_inj,baseline_write_inj,2,1
7,35.0,40.0,162,32.4,68,94,0,6,0.2839506172839506,0.0,0,0.0,0,0.0,0.0,0.0,59.45679012345679,6.850339061115736,20260128-031044_baseline_write_inj,baseline_write_inj,2,1
8,40.0,45.0,168,33.6,70,98,0,6,0.2797619047619047,0.0,0,0.0,0,0.0,0.0,0.0,59.32738095238095,6.760791218673631,20260128-031044_baseline_write_inj,baseline_write_inj,2,1
9,45.0,50.0,160,32.0,68,92,0,6,0.2875,0.0,0,0.0,0,0.0,0.0,0.0,59.6125,6.954303973080278,20260128-031044_baseline_write_inj,baseline_write_inj,2,1
10,50.0,55.0,168,33.6,72,96,0,6,0.2738095238095238,0.0,0,0.0,0,0.0,0.0,0.0,59.42857142857143,6.837024057233069,20260128-031044_baseline_write_inj,baseline_write_inj,2,1
11,55.0,60.0,166,33.2,72,94,0,6,0.2771084337349397,0.0,0,0.0,0,0.0,0.0,0.0,59.57831325301205,6.9379704020313415,20260128-031044_baseline_write_inj,baseline_write_inj,2,1
1,5.0,10.0,170,34.0,72,98,0,6,0.2764705882352941,0.0,0,0.0,0,0.0,0.0,0.0,59.38823529411765,6.806733893548206,20260128-031155_baseline_write_inj,baseline_write_inj,2,1
2,10.0,15.0,162,32.4,70,92,0,6,0.2839506172839506,0.0,0,0.0,0,0.0,0.0,0.0,59.67283950617284,6.996322002797922,20260128-031155_baseline_write_inj,baseline_write_inj,2,1
3,15.0,20.0,164,32.8,70,94,0,6,0.2804878048780488,0.0,0,0.0,0,0.0,0.0,0.0,59.51829268292683,6.895095960505589,20260128-031155_baseline_write_inj,baseline_write_inj,2,1
4,20.0,25.0,162,32.4,68,94,0,6,0.2839506172839506,0.0,0,0.0,0,0.0,0.0,0.0,59.45679012345679,6.850339061115736,20260128-031155_baseline_write_inj,baseline_write_inj,2,1
5,25.0,30.0,166,33.2,70,96,0,6,0.2771084337349397,0.0,0,0.0,0,0.0,0.0,0.0,59.36746987951807,6.791465381802762,20260128-031155_baseline_write_inj,baseline_write_inj,2,1
6,30.0,35.0,164,32.8,70,94,0,6,0.2804878048780488,0.0,0,0.0,0,0.0,0.0,0.0,59.51829268292683,6.89509596050559,20260128-031155_baseline_write_inj,baseline_write_inj,2,1
7,35.0,40.0,162,32.4,70,92,0,6,0.2839506172839506,0.0,0,0.0,0,0.0,0.0,0.0,59.67283950617284,6.996322002797922,20260128-031155_baseline_write_inj,baseline_write_inj,2,1
8,40.0,45.0,162,32.4,70,92,0,6,0.2839506172839506,0.0,0,0.0,0,0.0,0.0,0.0,59.67283950617284,6.996322002797922,20260128-031155_baseline_write_inj,baseline_write_inj,2,1
9,45.0,50.0,162,32.4,68,94,0,6,0.2839506172839506,0.0,0,0.0,0,0.0,0.0,0.0,59.45679012345679,6.850339061115736,20260128-031155_baseline_write_inj,baseline_write_inj,2,1
10,50.0,55.0,176,35.2,76,100,0,6,0.2670454545454545,0.0,0,0.0,0,0.0,0.0,0.0,59.36363636363637,6.795188501937188,20260128-031155_baseline_write_inj,baseline_write_inj,2,1
1,5.0,10.0,160,32.0,68,92,0,6,0.2875,0.0,0,0.0,0,0.0,0.0,0.0,59.6125,6.954303973080278,20260128-031304_baseline_write_inj,baseline_write_inj,2,1
2,10.0,15.0,164,32.8,70,94,0,6,0.2804878048780488,0.0,0,0.0,0,0.0,0.0,0.0,59.51829268292683,6.89509596050559,20260128-031304_baseline_write_inj,baseline_write_inj,2,1
3,15.0,20.0,164,32.8,70,94,0,6,0.2804878048780488,0.0,0,0.0,0,0.0,0.0,0.0,59.51829268292683,6.89509596050559,20260128-031304_baseline_write_inj,baseline_write_inj,2,1
4,20.0,25.0,162,32.4,70,92,0,6,0.2839506172839506,0.0,0,0.0,0,0.0,0.0,0.0,59.67283950617284,6.996322002797922,20260128-031304_baseline_write_inj,baseline_write_inj,2,1
5,25.0,30.0,166,33.2,70,96,0,6,0.2831325301204819,0.0,0,0.0,0,0.0,0.0,0.0,59.47590361445784,6.864174330807896,20260128-031304_baseline_write_inj,baseline_write_inj,2,1
6,30.0,35.0,168,33.6,72,96,0,6,0.2738095238095238,0.0,0,0.0,0,0.0,0.0,0.0,59.42857142857143,6.837024057233069,20260128-031304_baseline_write_inj,baseline_write_inj,2,1
7,35.0,40.0,174,34.8,76,98,0,6,0.264367816091954,0.0,0,0.0,0,0.0,0.0,0.0,59.40229885057471,6.824499089217772,20260128-031304_baseline_write_inj,baseline_write_inj,2,1
8,40.0,45.0,164,32.8,70,94,0,6,0.2804878048780488,0.0,0,0.0,0,0.0,0.0,0.0,59.51829268292683,6.89509596050559,20260128-031304_baseline_write_inj,baseline_write_inj,2,1
9,45.0,50.0,162,32.4,68,94,0,6,0.2901234567901234,0.0,0,0.0,0,0.0,0.0,0.0,59.5679012345679,6.922745247950646,20260128-031304_baseline_write_inj,baseline_write_inj,2,1
10,50.0,55.0,158,31.6,66,92,0,6,0.2911392405063291,0.0,0,0.0,0,0.0,0.0,0.0,59.550632911392405,6.910409931560363,20260128-031304_baseline_write_inj,baseline_write_inj,2,1
1,5.0,10.0,162,32.4,70,92,0,6,0.2839506172839506,0.0,0,0.0,0,0.0,0.0,0.0,59.67283950617284,6.996322002797922,20260128-031413_baseline_write_inj,baseline_write_inj,2,1
2,10.0,15.0,164,32.8,70,94,0,6,0.2804878048780488,0.0,0,0.0,0,0.0,0.0,0.0,59.51829268292683,6.89509596050559,20260128-031413_baseline_write_inj,baseline_write_inj,2,1
3,15.0,20.0,162,32.4,70,92,0,6,0.2839506172839506,0.0,0,0.0,0,0.0,0.0,0.0,59.67283950617284,6.996322002797922,20260128-031413_baseline_write_inj,baseline_write_inj,2,1
4,20.0,25.0,170,34.0,74,96,0,6,0.2705882352941176,0.0,0,0.0,0,0.0,0.0,0.0,59.48823529411764,6.880696130389302,20260128-031413_baseline_write_inj,baseline_write_inj,2,1
5,25.0,30.0,158,31.6,66,92,0,6,0.2911392405063291,0.0,0,0.0,0,0.0,0.0,0.0,59.550632911392405,6.910409931560363,20260128-031413_baseline_write_inj,baseline_write_inj,2,1
6,30.0,35.0,168,33.6,70,98,0,6,0.2797619047619047,0.0,0,0.0,0,0.0,0.0,0.0,59.32738095238095,6.760791218673631,20260128-031413_baseline_write_inj,baseline_write_inj,2,1
7,35.0,40.0,168,33.6,72,96,0,6,0.2738095238095238,0.0,0,0.0,0,0.0,0.0,0.0,59.42857142857143,6.837024057233069,20260128-031413_baseline_write_inj,baseline_write_inj,2,1
8,40.0,45.0,168,33.6,72,96,0,6,0.2738095238095238,0.0,0,0.0,0,0.0,0.0,0.0,59.42857142857143,6.837024057233069,20260128-031413_baseline_write_inj,baseline_write_inj,2,1
9,45.0,50.0,168,33.6,72,96,0,6,0.2738095238095238,0.0,0,0.0,0,0.0,0.0,0.0,59.42857142857143,6.837024057233069,20260128-031413_baseline_write_inj,baseline_write_inj,2,1
10,50.0,55.0,160,32.0,66,94,0,6,0.2875,0.0,0,0.0,0,0.0,0.0,0.0,59.39375,6.803580743806896,20260128-031413_baseline_write_inj,baseline_write_inj,2,1
1,5.0,10.0,166,33.2,70,96,0,6,0.2831325301204819,0.0,0,0.0,0,0.0,0.0,0.0,59.47590361445784,6.864174330807897,20260128-031523_baseline_write_inj,baseline_write_inj,2,1
2,10.0,15.0,164,32.8,70,94,0,6,0.2804878048780488,0.0,0,0.0,0,0.0,0.0,0.0,59.51829268292683,6.89509596050559,20260128-031523_baseline_write_inj,baseline_write_inj,2,1
3,15.0,20.0,166,33.2,70,96,0,6,0.2771084337349397,0.0,0,0.0,0,0.0,0.0,0.0,59.36746987951807,6.791465381802762,20260128-031523_baseline_write_inj,baseline_write_inj,2,1
4,20.0,25.0,158,31.6,66,92,0,6,0.2911392405063291,0.0,0,0.0,0,0.0,0.0,0.0,59.550632911392405,6.910409931560363,20260128-031523_baseline_write_inj,baseline_write_inj,2,1
5,25.0,30.0,162,32.4,70,92,0,6,0.2839506172839506,0.0,0,0.0,0,0.0,0.0,0.0,59.67283950617284,6.996322002797922,20260128-031523_baseline_write_inj,baseline_write_inj,2,1
6,30.0,35.0,156,31.2,64,92,0,6,0.2948717948717949,0.0,0,0.0,0,0.0,0.0,0.0,59.48717948717949,6.864519685035944,20260128-031523_baseline_write_inj,baseline_write_inj,2,1
7,35.0,40.0,166,33.2,72,94,0,6,0.2771084337349397,0.0,0,0.0,0,0.0,0.0,0.0,59.57831325301205,6.9379704020313415,20260128-031523_baseline_write_inj,baseline_write_inj,2,1
8,40.0,45.0,164,32.8,70,94,0,6,0.2804878048780488,0.0,0,0.0,0,0.0,0.0,0.0,59.51829268292683,6.89509596050559,20260128-031523_baseline_write_inj,baseline_write_inj,2,1
9,45.0,50.0,164,32.8,68,96,0,6,0.2865853658536585,0.0,0,0.0,0,0.0,0.0,0.0,59.41463414634146,6.819003609912881,20260128-031523_baseline_write_inj,baseline_write_inj,2,1
10,50.0,55.0,162,32.4,70,92,0,6,0.2839506172839506,0.0,0,0.0,0,0.0,0.0,0.0,59.67283950617284,6.996322002797922,20260128-031523_baseline_write_inj,baseline_write_inj,2,1
1,5.0,10.0,162,32.4,70,92,0,6,0.2839506172839506,0.0,0,0.0,0,0.0,0.0,0.0,59.67283950617284,6.996322002797922,20260128-031633_baseline_write_inj,baseline_write_inj,2,1
2,10.0,15.0,162,32.4,70,92,0,6,0.2839506172839506,0.0,0,0.0,0,0.0,0.0,0.0,59.67283950617284,6.996322002797922,20260128-031633_baseline_write_inj,baseline_write_inj,2,1
3,15.0,20.0,158,31.6,66,92,0,6,0.2911392405063291,0.0,0,0.0,0,0.0,0.0,0.0,59.550632911392405,6.910409931560363,20260128-031633_baseline_write_inj,baseline_write_inj,2,1
4,20.0,25.0,160,32.0,68,92,0,6,0.2875,0.0,0,0.0,0,0.0,0.0,0.0,59.6125,6.954303973080278,20260128-031633_baseline_write_inj,baseline_write_inj,2,1
5,25.0,30.0,168,33.6,72,96,0,6,0.2738095238095238,0.0,0,0.0,0,0.0,0.0,0.0,59.42857142857143,6.837024057233069,20260128-031633_baseline_write_inj,baseline_write_inj,2,1
6,30.0,35.0,164,32.8,70,94,0,6,0.2804878048780488,0.0,0,0.0,0,0.0,0.0,0.0,59.51829268292683,6.895095960505589,20260128-031633_baseline_write_inj,baseline_write_inj,2,1
7,35.0,40.0,166,33.2,70,96,0,6,0.2771084337349397,0.0,0,0.0,0,0.0,0.0,0.0,59.36746987951807,6.791465381802762,20260128-031633_baseline_write_inj,baseline_write_inj,2,1
8,40.0,45.0,172,34.4,74,98,0,6,0.2732558139534883,0.0,0,0.0,0,0.0,0.0,0.0,59.44767441860465,6.85078889947424,20260128-031633_baseline_write_inj,baseline_write_inj,2,1
9,45.0,50.0,164,32.8,68,96,0,6,0.2804878048780488,0.0,0,0.0,0,0.0,0.0,0.0,59.30487804878049,6.743902439024397,20260128-031633_baseline_write_inj,baseline_write_inj,2,1
10,50.0,55.0,164,32.8,70,94,0,6,0.2804878048780488,0.0,0,0.0,0,0.0,0.0,0.0,59.51829268292683,6.89509596050559,20260128-031633_baseline_write_inj,baseline_write_inj,2,1
11,55.0,60.0,174,34.8,76,98,0,6,0.264367816091954,0.0,0,0.0,0,0.0,0.0,0.0,59.40229885057471,6.824499089217772,20260128-031633_baseline_write_inj,baseline_write_inj,2,1
1,5.0,10.0,170,34.0,72,98,0,6,0.2764705882352941,0.0,0,0.0,0,0.0,0.0,0.0,59.38823529411765,6.806733893548206,20260128-031742_baseline_write_inj,baseline_write_inj,2,1
2,10.0,15.0,160,32.0,68,92,0,6,0.2875,0.0,0,0.0,0,0.0,0.0,0.0,59.6125,6.954303973080278,20260128-031742_baseline_write_inj,baseline_write_inj,2,1
3,15.0,20.0,170,34.0,72,98,0,6,0.2705882352941176,0.0,0,0.0,0,0.0,0.0,0.0,59.28235294117647,6.7337809756758205,20260128-031742_baseline_write_inj,baseline_write_inj,2,1
4,20.0,25.0,162,32.4,70,92,0,6,0.2839506172839506,0.0,0,0.0,0,0.0,0.0,0.0,59.67283950617284,6.996322002797922,20260128-031742_baseline_write_inj,baseline_write_inj,2,1
5,25.0,30.0,156,31.2,64,92,0,6,0.2948717948717949,0.0,0,0.0,0,0.0,0.0,0.0,59.48717948717949,6.864519685035944,20260128-031742_baseline_write_inj,baseline_write_inj,2,1
6,30.0,35.0,166,33.2,72,94,0,6,0.2771084337349397,0.0,0,0.0,0,0.0,0.0,0.0,59.57831325301205,6.9379704020313415,20260128-031742_baseline_write_inj,baseline_write_inj,2,1
7,35.0,40.0,170,34.0,72,98,0,6,0.2705882352941176,0.0,0,0.0,0,0.0,0.0,0.0,59.28235294117647,6.73378097567582,20260128-031742_baseline_write_inj,baseline_write_inj,2,1
8,40.0,45.0,164,32.8,70,94,0,6,0.2804878048780488,0.0,0,0.0,0,0.0,0.0,0.0,59.51829268292683,6.89509596050559,20260128-031742_baseline_write_inj,baseline_write_inj,2,1
9,45.0,50.0,164,32.8,70,94,0,6,0.2804878048780488,0.0,0,0.0,0,0.0,0.0,0.0,59.51829268292683,6.89509596050559,20260128-031742_baseline_write_inj,baseline_write_inj,2,1
10,50.0,55.0,176,35.2,76,100,0,6,0.2670454545454545,0.0,0,0.0,0,0.0,0.0,0.0,59.36363636363637,6.795188501937189,20260128-031742_baseline_write_inj,baseline_write_inj,2,1
11,55.0,60.0,164,32.8,70,94,0,6,0.2804878048780488,0.0,0,0.0,0,0.0,0.0,0.0,59.51829268292683,6.89509596050559,20260128-031742_baseline_write_inj,baseline_write_inj,2,1
1,5.0,10.0,166,33.2,72,94,0,6,0.2771084337349397,0.0,0,0.0,0,0.0,0.0,0.0,59.57831325301205,6.9379704020313415,20260128-031852_baseline_write_inj,baseline_write_inj,2,1
2,10.0,15.0,158,31.6,66,92,0,6,0.2911392405063291,0.0,0,0.0,0,0.0,0.0,0.0,59.550632911392405,6.910409931560363,20260128-031852_baseline_write_inj,baseline_write_inj,2,1
3,15.0,20.0,164,32.8,72,92,0,6,0.2804878048780488,0.0,0,0.0,0,0.0,0.0,0.0,59.73170731707317,7.036574798149066,20260128-031852_baseline_write_inj,baseline_write_inj,2,1
4,20.0,25.0,160,32.0,68,92,0,6,0.2875,0.0,0,0.0,0,0.0,0.0,0.0,59.6125,6.954303973080278,20260128-031852_baseline_write_inj,baseline_write_inj,2,1
5,25.0,30.0,166,33.2,72,94,0,6,0.2771084337349397,0.0,0,0.0,0,0.0,0.0,0.0,59.57831325301205,6.9379704020313415,20260128-031852_baseline_write_inj,baseline_write_inj,2,1
6,30.0,35.0,166,33.2,70,96,0,6,0.2771084337349397,0.0,0,0.0,0,0.0,0.0,0.0,59.36746987951807,6.791465381802762,20260128-031852_baseline_write_inj,baseline_write_inj,2,1
7,35.0,40.0,160,32.0,68,92,0,6,0.2875,0.0,0,0.0,0,0.0,0.0,0.0,59.6125,6.954303973080278,20260128-031852_baseline_write_inj,baseline_write_inj,2,1
8,40.0,45.0,164,32.8,68,96,0,6,0.2865853658536585,0.0,0,0.0,0,0.0,0.0,0.0,59.41463414634146,6.81900360991288,20260128-031852_baseline_write_inj,baseline_write_inj,2,1
9,45.0,50.0,164,32.8,70,94,0,6,0.2804878048780488,0.0,0,0.0,0,0.0,0.0,0.0,59.51829268292683,6.89509596050559,20260128-031852_baseline_write_inj,baseline_write_inj,2,1
10,50.0,55.0,168,33.6,72,96,0,6,0.2738095238095238,0.0,0,0.0,0,0.0,0.0,0.0,59.42857142857143,6.837024057233069,20260128-031852_baseline_write_inj,baseline_write_inj,2,1
1,5.0,10.0,168,33.6,74,94,0,6,0.2738095238095238,0.0,0,0.0,0,0.0,0.0,0.0,59.63690476190476,6.979072113279687,20260128-032003_baseline_write_inj,baseline_write_inj,2,1
2,10.0,15.0,170,34.0,74,96,0,6,0.2705882352941176,0.0,0,0.0,0,0.0,0.0,0.0,59.48823529411764,6.880696130389302,20260128-032003_baseline_write_inj,baseline_write_inj,2,1
3,15.0,20.0,166,33.2,72,94,0,6,0.2771084337349397,0.0,0,0.0,0,0.0,0.0,0.0,59.57831325301205,6.9379704020313415,20260128-032003_baseline_write_inj,baseline_write_inj,2,1
4,20.0,25.0,158,31.6,66,92,0,6,0.2911392405063291,0.0,0,0.0,0,0.0,0.0,0.0,59.550632911392405,6.910409931560363,20260128-032003_baseline_write_inj,baseline_write_inj,2,1
5,25.0,30.0,168,33.6,70,98,0,6,0.2797619047619047,0.0,0,0.0,0,0.0,0.0,0.0,59.32738095238095,6.760791218673631,20260128-032003_baseline_write_inj,baseline_write_inj,2,1
6,30.0,35.0,162,32.4,68,94,0,6,0.2839506172839506,0.0,0,0.0,0,0.0,0.0,0.0,59.45679012345679,6.850339061115735,20260128-032003_baseline_write_inj,baseline_write_inj,2,1
7,35.0,40.0,158,31.6,66,92,0,6,0.2911392405063291,0.0,0,0.0,0,0.0,0.0,0.0,59.550632911392405,6.910409931560363,20260128-032003_baseline_write_inj,baseline_write_inj,2,1
8,40.0,45.0,170,34.0,74,96,0,6,0.2705882352941176,0.0,0,0.0,0,0.0,0.0,0.0,59.48823529411764,6.880696130389302,20260128-032003_baseline_write_inj,baseline_write_inj,2,1
9,45.0,50.0,170,34.0,74,96,0,6,0.2705882352941176,0.0,0,0.0,0,0.0,0.0,0.0,59.48823529411764,6.880696130389302,20260128-032003_baseline_write_inj,baseline_write_inj,2,1
10,50.0,55.0,168,33.6,70,98,0,6,0.2797619047619047,0.0,0,0.0,0,0.0,0.0,0.0,59.32738095238095,6.76079121867363,20260128-032003_baseline_write_inj,baseline_write_inj,2,1
11,55.0,60.0,160,32.0,68,92,0,6,0.2875,0.0,0,0.0,0,0.0,0.0,0.0,59.6125,6.954303973080278,20260128-032003_baseline_write_inj,baseline_write_inj,2,1
1,5.0,10.0,166,33.2,70,96,0,6,0.2831325301204819,0.0,0,0.0,0,0.0,0.0,0.0,59.47590361445784,6.864174330807896,20260128-032113_baseline_write_inj,baseline_write_inj,2,1
2,10.0,15.0,170,34.0,74,96,0,6,0.2705882352941176,0.0,0,0.0,0,0.0,0.0,0.0,59.48823529411764,6.880696130389302,20260128-032113_baseline_write_inj,baseline_write_inj,2,1
3,15.0,20.0,164,32.8,68,96,0,6,0.2804878048780488,0.0,0,0.0,0,0.0,0.0,0.0,59.30487804878049,6.743902439024397,20260128-032113_baseline_write_inj,baseline_write_inj,2,1
4,20.0,25.0,162,32.4,68,94,0,6,0.2839506172839506,0.0,0,0.0,0,0.0,0.0,0.0,59.45679012345679,6.850339061115735,20260128-032113_baseline_write_inj,baseline_write_inj,2,1
5,25.0,30.0,168,33.6,74,94,0,6,0.2738095238095238,0.0,0,0.0,0,0.0,0.0,0.0,59.63690476190476,6.979072113279687,20260128-032113_baseline_write_inj,baseline_write_inj,2,1
6,30.0,35.0,168,33.6,72,96,0,6,0.2738095238095238,0.0,0,0.0,0,0.0,0.0,0.0,59.42857142857143,6.837024057233069,20260128-032113_baseline_write_inj,baseline_write_inj,2,1
7,35.0,40.0,162,32.4,66,96,0,6,0.2901234567901234,0.0,0,0.0,0,0.0,0.0,0.0,59.351851851851855,6.771830015278723,20260128-032113_baseline_write_inj,baseline_write_inj,2,1
8,40.0,45.0,166,33.2,70,96,0,6,0.2771084337349397,0.0,0,0.0,0,0.0,0.0,0.0,59.36746987951807,6.791465381802762,20260128-032113_baseline_write_inj,baseline_write_inj,2,1
9,45.0,50.0,162,32.4,68,94,0,6,0.2839506172839506,0.0,0,0.0,0,0.0,0.0,0.0,59.45679012345679,6.850339061115735,20260128-032113_baseline_write_inj,baseline_write_inj,2,1
10,50.0,55.0,168,33.6,72,96,0,6,0.2738095238095238,0.0,0,0.0,0,0.0,0.0,0.0,59.42857142857143,6.837024057233069,20260128-032113_baseline_write_inj,baseline_write_inj,2,1
1,5.0,10.0,72,14.4,70,2,0,4,0.3194444444444444,0.0,1,0.0,0,0.0,0.0,0.0,64.01388888888889,8.50080560815587,20260128-125241_baseline_seed447606,baseline,0,0
2,10.0,15.0,68,13.6,68,0,0,4,0.3676470588235294,0.0,0,0.0,0,0.0,0.0,0.0,64.5,8.5,20260128-125241_baseline_seed447606,baseline,0,0
3,15.0,20.0,78,15.6,72,6,0,4,0.2948717948717949,0.0,1,0.0,0,0.0,0.0,0.0,63.15384615384615,8.433870850018561,20260128-125241_baseline_seed447606,baseline,0,0
4,20.0,25.0,78,15.6,74,4,0,4,0.3205128205128205,0.0,1,0.0,0,0.0,0.0,0.0,63.6025641025641,8.479749245793288,20260128-125241_baseline_seed447606,baseline,0,0
5,25.0,30.0,74,14.8,72,2,0,4,0.3378378378378378,0.0,1,0.0,0,0.0,0.0,0.0,64.02702702702703,8.501149322890425,20260128-125241_baseline_seed447606,baseline,0,0
6,30.0,35.0,66,13.2,66,0,0,4,0.3636363636363636,0.0,0,0.0,0,0.0,0.0,0.0,64.5,8.5,20260128-125241_baseline_seed447606,baseline,0,0
7,35.0,40.0,70,14.0,70,0,0,4,0.3571428571428571,0.0,0,0.0,0,0.0,0.0,0.0,64.5,8.5,20260128-125241_baseline_seed447606,baseline,0,0
8,40.0,45.0,74,14.8,72,2,0,4,0.3378378378378378,0.0,1,0.0,0,0.0,0.0,0.0,64.02702702702703,8.501149322890424,20260128-125241_baseline_seed447606,baseline,0,0
9,45.0,50.0,64,12.8,64,0,0,4,0.359375,0.0,0,0.0,0,0.0,0.0,0.0,64.5,8.5,20260128-125241_baseline_seed447606,baseline,0,0
10,50.0,55.0,70,14.0,70,0,0,4,0.3571428571428571,0.0,0,0.0,0,0.0,0.0,0.0,64.5,8.5,20260128-125241_baseline_seed447606,baseline,0,0
1,5.0,10.0,70,14.0,68,2,0,4,0.3428571428571428,0.0,1,0.0,0,0.0,0.0,0.0,64.0,8.500420157682964,20260128-125346_baseline_seed607719,baseline,0,0
2,10.0,15.0,76,15.2,72,4,0,4,0.3157894736842105,0.0,1,0.0,0,0.0,0.0,0.0,63.578947368421055,8.477932900205554,20260128-125346_baseline_seed607719,baseline,0,0
3,15.0,20.0,80,16.0,74,6,0,4,0.3,0.0,1,0.0,0,0.0,0.0,0.0,63.1875,8.43814812325548,20260128-125346_baseline_seed607719,baseline,0,0
4,20.0,25.0,82,16.4,76,6,0,4,0.3048780487804878,0.0,1,0.0,0,0.0,0.0,0.0,63.21951219512195,8.442090236838533,20260128-125346_baseline_seed607719,baseline,0,0
5,25.0,30.0,78,15.6,72,6,0,4,0.3076923076923077,0.0,1,0.0,0,0.0,0.0,0.0,63.15384615384615,8.433870850018561,20260128-125346_baseline_seed607719,baseline,0,0
6,30.0,35.0,72,14.4,70,2,0,4,0.3472222222222222,0.0,1,0.0,0,0.0,0.0,0.0,64.01388888888889,8.50080560815587,20260128-125346_baseline_seed607719,baseline,0,0
7,35.0,40.0,70,14.0,68,2,0,4,0.3285714285714285,0.0,1,0.0,0,0.0,0.0,0.0,64.0,8.500420157682964,20260128-125346_baseline_seed607719,baseline,0,0
8,40.0,45.0,74,14.8,70,4,0,4,0.3108108108108108,0.0,1,0.0,0,0.0,0.0,0.0,63.554054054054056,8.47594671726026,20260128-125346_baseline_seed607719,baseline,0,0
9,45.0,50.0,72,14.4,70,2,0,4,0.3333333333333333,0.0,1,0.0,0,0.0,0.0,0.0,64.01388888888889,8.50080560815587,20260128-125346_baseline_seed607719,baseline,0,0
10,50.0,55.0,72,14.4,70,2,0,4,0.3333333333333333,0.0,1,0.0,0,0.0,0.0,0.0,64.01388888888889,8.50080560815587,20260128-125346_baseline_seed607719,baseline,0,0
1,5.0,10.0,72,14.4,70,2,0,4,0.3333333333333333,0.0,1,0.0,0,0.0,0.0,0.0,64.01388888888889,8.50080560815587,20260128-125451_baseline_seed819727,baseline,0,0
2,10.0,15.0,76,15.2,72,4,0,4,0.3157894736842105,0.0,1,0.0,0,0.0,0.0,0.0,63.578947368421055,8.477932900205554,20260128-125451_baseline_seed819727,baseline,0,0
3,15.0,20.0,76,15.2,72,4,0,4,0.3157894736842105,0.0,1,0.0,0,0.0,0.0,0.0,63.578947368421055,8.477932900205554,20260128-125451_baseline_seed819727,baseline,0,0
4,20.0,25.0,78,15.6,74,4,0,4,0.3205128205128205,0.0,1,0.0,0,0.0,0.0,0.0,63.6025641025641,8.479749245793288,20260128-125451_baseline_seed819727,baseline,0,0
5,25.0,30.0,64,12.8,64,0,0,4,0.34375,0.0,0,0.0,0,0.0,0.0,0.0,64.5,8.5,20260128-125451_baseline_seed819727,baseline,0,0
6,30.0,35.0,68,13.6,68,0,0,4,0.3529411764705882,0.0,0,0.0,0,0.0,0.0,0.0,64.5,8.5,20260128-125451_baseline_seed819727,baseline,0,0
7,35.0,40.0,74,14.8,70,4,0,4,0.3243243243243243,0.0,1,0.0,0,0.0,0.0,0.0,63.554054054054056,8.47594671726026,20260128-125451_baseline_seed819727,baseline,0,0
8,40.0,45.0,70,14.0,70,0,0,4,0.3571428571428571,0.0,0,0.0,0,0.0,0.0,0.0,64.5,8.5,20260128-125451_baseline_seed819727,baseline,0,0
9,45.0,50.0,76,15.2,72,4,0,4,0.3157894736842105,0.0,1,0.0,0,0.0,0.0,0.0,63.578947368421055,8.477932900205554,20260128-125451_baseline_seed819727,baseline,0,0
10,50.0,55.0,72,14.4,70,2,0,4,0.3333333333333333,0.0,1,0.0,0,0.0,0.0,0.0,64.01388888888889,8.500805608155872,20260128-125451_baseline_seed819727,baseline,0,0
1,5.0,10.0,76,15.2,74,2,0,4,0.3289473684210526,0.0,1,0.0,0,0.0,0.0,0.0,64.03947368421052,8.501456205717263,20260128-125556_baseline_seed186586,baseline,0,0
2,10.0,15.0,72,14.4,70,2,0,4,0.3472222222222222,0.0,1,0.0,0,0.0,0.0,0.0,64.01388888888889,8.50080560815587,20260128-125556_baseline_seed186586,baseline,0,0
3,15.0,20.0,80,16.0,74,6,0,4,0.2875,0.0,1,0.0,0,0.0,0.0,0.0,63.1875,8.43814812325548,20260128-125556_baseline_seed186586,baseline,0,0
4,20.0,25.0,70,14.0,68,2,0,4,0.3285714285714285,0.0,1,0.0,0,0.0,0.0,0.0,64.0,8.500420157682964,20260128-125556_baseline_seed186586,baseline,0,0
5,25.0,30.0,68,13.6,68,0,0,4,0.3529411764705882,0.0,0,0.0,0,0.0,0.0,0.0,64.5,8.5,20260128-125556_baseline_seed186586,baseline,0,0
6,30.0,35.0,70,14.0,68,2,0,4,0.3428571428571428,0.0,1,0.0,0,0.0,0.0,0.0,64.0,8.500420157682964,20260128-125556_baseline_seed186586,baseline,0,0
7,35.0,40.0,70,14.0,70,0,0,4,0.3428571428571428,0.0,0,0.0,0,0.0,0.0,0.0,64.5,8.5,20260128-125556_baseline_seed186586,baseline,0,0
8,40.0,45.0,76,15.2,70,6,0,4,0.3026315789473684,0.0,1,0.0,0,0.0,0.0,0.0,63.11842105263158,8.429220956172514,20260128-125556_baseline_seed186586,baseline,0,0
9,45.0,50.0,68,13.6,68,0,0,4,0.3529411764705882,0.0,0,0.0,0,0.0,0.0,0.0,64.5,8.5,20260128-125556_baseline_seed186586,baseline,0,0
10,50.0,55.0,74,14.8,70,4,0,4,0.3243243243243243,0.0,1,0.0,0,0.0,0.0,0.0,63.554054054054056,8.475946717260259,20260128-125556_baseline_seed186586,baseline,0,0
11,55.0,60.0,76,15.2,74,2,0,4,0.3289473684210526,0.0,1,0.0,0,0.0,0.0,0.0,64.03947368421052,8.501456205717265,20260128-125556_baseline_seed186586,baseline,0,0
1,5.0,10.0,64,12.8,64,0,0,4,0.34375,0.0,0,0.0,0,0.0,0.0,0.0,64.5,8.5,20260128-125700_baseline_seed880804,baseline,0,0
2,10.0,15.0,68,13.6,68,0,0,4,0.3529411764705882,0.0,0,0.0,0,0.0,0.0,0.0,64.5,8.5,20260128-125700_baseline_seed880804,baseline,0,0
3,15.0,20.0,70,14.0,68,2,0,4,0.3285714285714285,0.0,1,0.0,0,0.0,0.0,0.0,64.0,8.500420157682964,20260128-125700_baseline_seed880804,baseline,0,0
4,20.0,25.0,74,14.8,72,2,0,4,0.3378378378378378,0.0,1,0.0,0,0.0,0.0,0.0,64.02702702702703,8.501149322890425,20260128-125700_baseline_seed880804,baseline,0,0
5,25.0,30.0,70,14.0,70,0,0,4,0.3571428571428571,0.0,0,0.0,0,0.0,0.0,0.0,64.5,8.5,20260128-125700_baseline_seed880804,baseline,0,0
6,30.0,35.0,72,14.4,70,2,0,4,0.3333333333333333,0.0,1,0.0,0,0.0,0.0,0.0,64.01388888888889,8.50080560815587,20260128-125700_baseline_seed880804,baseline,0,0
7,35.0,40.0,72,14.4,70,2,0,4,0.3333333333333333,0.0,1,0.0,0,0.0,0.0,0.0,64.01388888888889,8.50080560815587,20260128-125700_baseline_seed880804,baseline,0,0
8,40.0,45.0,82,16.4,76,6,0,4,0.3048780487804878,0.0,1,0.0,0,0.0,0.0,0.0,63.21951219512195,8.442090236838531,20260128-125700_baseline_seed880804,baseline,0,0
9,45.0,50.0,72,14.4,70,2,0,4,0.3333333333333333,0.0,1,0.0,0,0.0,0.0,0.0,64.01388888888889,8.50080560815587,20260128-125700_baseline_seed880804,baseline,0,0
10,50.0,55.0,76,15.2,72,4,0,4,0.3157894736842105,0.0,1,0.0,0,0.0,0.0,0.0,63.578947368421055,8.477932900205554,20260128-125700_baseline_seed880804,baseline,0,0
1,5.0,10.0,72,14.4,70,2,0,4,0.3333333333333333,0.0,1,0.0,0,0.0,0.0,0.0,64.01388888888889,8.50080560815587,20260128-125805_baseline_seed601677,baseline,0,0
2,10.0,15.0,68,13.6,68,0,0,4,0.3529411764705882,0.0,0,0.0,0,0.0,0.0,0.0,64.5,8.5,20260128-125805_baseline_seed601677,baseline,0,0
3,15.0,20.0,72,14.4,70,2,0,4,0.3333333333333333,0.0,1,0.0,0,0.0,0.0,0.0,64.01388888888889,8.500805608155872,20260128-125805_baseline_seed601677,baseline,0,0
4,20.0,25.0,76,15.2,72,4,0,4,0.3157894736842105,0.0,1,0.0,0,0.0,0.0,0.0,63.578947368421055,8.477932900205554,20260128-125805_baseline_seed601677,baseline,0,0
5,25.0,30.0,70,14.0,70,0,0,4,0.3571428571428571,0.0,0,0.0,0,0.0,0.0,0.0,64.5,8.5,20260128-125805_baseline_seed601677,baseline,0,0
6,30.0,35.0,72,14.4,70,2,0,4,0.3333333333333333,0.0,1,0.0,0,0.0,0.0,0.0,64.01388888888889,8.50080560815587,20260128-125805_baseline_seed601677,baseline,0,0
7,35.0,40.0,76,15.2,72,4,0,4,0.3157894736842105,0.0,1,0.0,0,0.0,0.0,0.0,63.578947368421055,8.477932900205554,20260128-125805_baseline_seed601677,baseline,0,0
8,40.0,45.0,66,13.2,66,0,0,4,0.3636363636363636,0.0,0,0.0,0,0.0,0.0,0.0,64.5,8.5,20260128-125805_baseline_seed601677,baseline,0,0
9,45.0,50.0,80,16.0,74,6,0,4,0.3,0.0,1,0.0,0,0.0,0.0,0.0,63.1875,8.43814812325548,20260128-125805_baseline_seed601677,baseline,0,0
10,50.0,55.0,72,14.4,70,2,0,4,0.3333333333333333,0.0,1,0.0,0,0.0,0.0,0.0,64.01388888888889,8.500805608155872,20260128-125805_baseline_seed601677,baseline,0,0
11,55.0,60.0,66,13.2,66,0,0,4,0.3484848484848485,0.0,0,0.0,0,0.0,0.0,0.0,64.5,8.5,20260128-125805_baseline_seed601677,baseline,0,0
1,5.0,10.0,70,14.0,70,0,0,4,0.3571428571428571,0.0,0,0.0,0,0.0,0.0,0.0,64.5,8.5,20260128-125910_baseline_seed528623,baseline,0,0
2,10.0,15.0,74,14.8,70,4,0,4,0.3243243243243243,0.0,1,0.0,0,0.0,0.0,0.0,63.554054054054056,8.475946717260259,20260128-125910_baseline_seed528623,baseline,0,0
3,15.0,20.0,70,14.0,70,0,0,4,0.3571428571428571,0.0,0,0.0,0,0.0,0.0,0.0,64.5,8.5,20260128-125910_baseline_seed528623,baseline,0,0
4,20.0,25.0,70,14.0,68,2,0,4,0.3285714285714285,0.0,1,0.0,0,0.0,0.0,0.0,64.0,8.500420157682964,20260128-125910_baseline_seed528623,baseline,0,0
5,25.0,30.0,68,13.6,66,2,0,4,0.3382352941176471,0.0,1,0.0,0,0.0,0.0,0.0,63.98529411764706,8.499987278638965,20260128-125910_baseline_seed528623,baseline,0,0
6,30.0,35.0,70,14.0,70,0,0,4,0.3571428571428571,0.0,0,0.0,0,0.0,0.0,0.0,64.5,8.5,20260128-125910_baseline_seed528623,baseline,0,0
7,35.0,40.0,72,14.4,70,2,0,4,0.3333333333333333,0.0,1,0.0,0,0.0,0.0,0.0,64.01388888888889,8.50080560815587,20260128-125910_baseline_seed528623,baseline,0,0
8,40.0,45.0,80,16.0,74,6,0,4,0.3,0.0,1,0.0,0,0.0,0.0,0.0,63.1875,8.43814812325548,20260128-125910_baseline_seed528623,baseline,0,0
9,45.0,50.0,72,14.4,70,2,0,4,0.3333333333333333,0.0,1,0.0,0,0.0,0.0,0.0,64.01388888888889,8.50080560815587,20260128-125910_baseline_seed528623,baseline,0,0
10,50.0,55.0,68,13.6,68,0,0,4,0.3529411764705882,0.0,0,0.0,0,0.0,0.0,0.0,64.5,8.5,20260128-125910_baseline_seed528623,baseline,0,0
1,5.0,10.0,66,13.2,66,0,0,4,0.3484848484848485,0.0,0,0.0,0,0.0,0.0,0.0,64.5,8.5,20260128-130014_baseline_seed242962,baseline,0,0
2,10.0,15.0,68,13.6,68,0,0,4,0.3529411764705882,0.0,0,0.0,0,0.0,0.0,0.0,64.5,8.5,20260128-130014_baseline_seed242962,baseline,0,0
3,15.0,20.0,72,14.4,70,2,0,4,0.3472222222222222,0.0,1,0.0,0,0.0,0.0,0.0,64.01388888888889,8.50080560815587,20260128-130014_baseline_seed242962,baseline,0,0
4,20.0,25.0,72,14.4,72,0,0,4,0.3611111111111111,0.0,0,0.0,0,0.0,0.0,0.0,64.5,8.5,20260128-130014_baseline_seed242962,baseline,0,0
5,25.0,30.0,80,16.0,76,4,0,4,0.325,0.0,1,0.0,0,0.0,0.0,0.0,63.625,8.481413502477048,20260128-130014_baseline_seed242962,baseline,0,0
6,30.0,35.0,74,14.8,70,4,0,4,0.3108108108108108,0.0,1,0.0,0,0.0,0.0,0.0,63.554054054054056,8.47594671726026,20260128-130014_baseline_seed242962,baseline,0,0
7,35.0,40.0,82,16.4,78,4,0,4,0.3292682926829268,0.0,1,0.0,0,0.0,0.0,0.0,63.64634146341464,8.482941205334312,20260128-130014_baseline_seed242962,baseline,0,0
8,40.0,45.0,80,16.0,76,4,0,4,0.325,0.0,1,0.0,0,0.0,0.0,0.0,63.625,8.481413502477048,20260128-130014_baseline_seed242962,baseline,0,0
9,45.0,50.0,78,15.6,74,4,0,4,0.3333333333333333,0.0,1,0.0,0,0.0,0.0,0.0,63.6025641025641,8.479749245793288,20260128-130014_baseline_seed242962,baseline,0,0
10,50.0,55.0,70,14.0,70,0,0,4,0.3428571428571428,0.0,0,0.0,0,0.0,0.0,0.0,64.5,8.5,20260128-130014_baseline_seed242962,baseline,0,0
1,5.0,10.0,76,15.2,72,4,0,4,0.3157894736842105,0.0,1,0.0,0,0.0,0.0,0.0,63.578947368421055,8.477932900205554,20260128-130119_baseline_seed665725,baseline,0,0
2,10.0,15.0,76,15.2,74,2,0,4,0.3421052631578947,0.0,1,0.0,0,0.0,0.0,0.0,64.03947368421052,8.501456205717265,20260128-130119_baseline_seed665725,baseline,0,0
3,15.0,20.0,68,13.6,68,0,0,4,0.3676470588235294,0.0,0,0.0,0,0.0,0.0,0.0,64.5,8.5,20260128-130119_baseline_seed665725,baseline,0,0
4,20.0,25.0,86,17.2,80,6,0,4,0.313953488372093,0.0,1,0.0,0,0.0,0.0,0.0,63.27906976744186,8.449096776814063,20260128-130119_baseline_seed665725,baseline,0,0
5,25.0,30.0,84,16.8,78,6,0,4,0.3095238095238095,0.0,1,0.0,0,0.0,0.0,0.0,63.25,8.445730113072353,20260128-130119_baseline_seed665725,baseline,0,0
6,30.0,35.0,76,15.2,74,2,0,4,0.3421052631578947,0.0,1,0.0,0,0.0,0.0,0.0,64.03947368421052,8.501456205717263,20260128-130119_baseline_seed665725,baseline,0,0
7,35.0,40.0,76,15.2,72,4,0,4,0.3157894736842105,0.0,1,0.0,0,0.0,0.0,0.0,63.578947368421055,8.477932900205554,20260128-130119_baseline_seed665725,baseline,0,0
8,40.0,45.0,74,14.8,72,2,0,4,0.3378378378378378,0.0,1,0.0,0,0.0,0.0,0.0,64.02702702702703,8.501149322890425,20260128-130119_baseline_seed665725,baseline,0,0
9,45.0,50.0,70,14.0,70,0,0,4,0.3571428571428571,0.0,0,0.0,0,0.0,0.0,0.0,64.5,8.5,20260128-130119_baseline_seed665725,baseline,0,0
10,50.0,55.0,80,16.0,74,6,0,4,0.3,0.0,1,0.0,0,0.0,0.0,0.0,63.1875,8.43814812325548,20260128-130119_baseline_seed665725,baseline,0,0
1,5.0,10.0,74,14.8,72,2,0,4,0.3513513513513513,0.0,1,0.0,0,0.0,0.0,0.0,64.02702702702703,8.501149322890425,20260128-130223_baseline_seed649619,baseline,0,0
2,10.0,15.0,74,14.8,72,2,0,4,0.3378378378378378,0.0,1,0.0,0,0.0,0.0,0.0,64.02702702702703,8.501149322890425,20260128-130223_baseline_seed649619,baseline,0,0
3,15.0,20.0,72,14.4,72,0,0,4,0.3611111111111111,0.0,0,0.0,0,0.0,0.0,0.0,64.5,8.5,20260128-130223_baseline_seed649619,baseline,0,0
4,20.0,25.0,74,14.8,72,2,0,4,0.3378378378378378,0.0,1,0.0,0,0.0,0.0,0.0,64.02702702702703,8.501149322890425,20260128-130223_baseline_seed649619,baseline,0,0
5,25.0,30.0,78,15.6,74,4,0,4,0.3205128205128205,0.0,1,0.0,0,0.0,0.0,0.0,63.6025641025641,8.479749245793288,20260128-130223_baseline_seed649619,baseline,0,0
6,30.0,35.0,66,13.2,66,0,0,4,0.3484848484848485,0.0,0,0.0,0,0.0,0.0,0.0,64.5,8.5,20260128-130223_baseline_seed649619,baseline,0,0
7,35.0,40.0,70,14.0,70,0,0,4,0.3571428571428571,0.0,0,0.0,0,0.0,0.0,0.0,64.5,8.5,20260128-130223_baseline_seed649619,baseline,0,0
8,40.0,45.0,72,14.4,70,2,0,4,0.3333333333333333,0.0,1,0.0,0,0.0,0.0,0.0,64.01388888888889,8.500805608155872,20260128-130223_baseline_seed649619,baseline,0,0
9,45.0,50.0,70,14.0,70,0,0,4,0.3571428571428571,0.0,0,0.0,0,0.0,0.0,0.0,64.5,8.5,20260128-130223_baseline_seed649619,baseline,0,0
10,50.0,55.0,78,15.6,74,4,0,4,0.3205128205128205,0.0,1,0.0,0,0.0,0.0,0.0,63.6025641025641,8.479749245793288,20260128-130223_baseline_seed649619,baseline,0,0
1,5.0,10.0,74,14.8,70,4,0,4,0.3243243243243243,0.0,1,0.0,0,0.0,0.0,0.0,63.554054054054056,8.475946717260259,20260128-130328_baseline_seed869653,baseline,0,0
2,10.0,15.0,76,15.2,74,2,0,4,0.3289473684210526,0.0,1,0.0,0,0.0,0.0,0.0,64.03947368421052,8.501456205717265,20260128-130328_baseline_seed869653,baseline,0,0
3,15.0,20.0,72,14.4,70,2,0,4,0.3472222222222222,0.0,1,0.0,0,0.0,0.0,0.0,64.01388888888889,8.50080560815587,20260128-130328_baseline_seed869653,baseline,0,0
4,20.0,25.0,68,13.6,68,0,0,4,0.3529411764705882,0.0,0,0.0,0,0.0,0.0,0.0,64.5,8.5,20260128-130328_baseline_seed869653,baseline,0,0
5,25.0,30.0,72,14.4,70,2,0,4,0.3333333333333333,0.0,1,0.0,0,0.0,0.0,0.0,64.01388888888889,8.50080560815587,20260128-130328_baseline_seed869653,baseline,0,0
6,30.0,35.0,78,15.6,74,4,0,4,0.3205128205128205,0.0,1,0.0,0,0.0,0.0,0.0,63.6025641025641,8.479749245793288,20260128-130328_baseline_seed869653,baseline,0,0
7,35.0,40.0,72,14.4,70,2,0,4,0.3333333333333333,0.0,1,0.0,0,0.0,0.0,0.0,64.01388888888889,8.500805608155872,20260128-130328_baseline_seed869653,baseline,0,0
8,40.0,45.0,72,14.4,72,0,0,4,0.3611111111111111,0.0,0,0.0,0,0.0,0.0,0.0,64.5,8.5,20260128-130328_baseline_seed869653,baseline,0,0
9,45.0,50.0,68,13.6,68,0,0,4,0.3529411764705882,0.0,0,0.0,0,0.0,0.0,0.0,64.5,8.5,20260128-130328_baseline_seed869653,baseline,0,0
10,50.0,55.0,72,14.4,70,2,0,4,0.3472222222222222,0.0,1,0.0,0,0.0,0.0,0.0,64.01388888888889,8.50080560815587,20260128-130328_baseline_seed869653,baseline,0,0
1,5.0,10.0,76,15.2,72,4,0,4,0.3157894736842105,0.0,1,0.0,0,0.0,0.0,0.0,63.578947368421055,8.477932900205554,20260128-130433_baseline_seed851358,baseline,0,0
2,10.0,15.0,70,14.0,70,0,0,4,0.3428571428571428,0.0,0,0.0,0,0.0,0.0,0.0,64.5,8.5,20260128-130433_baseline_seed851358,baseline,0,0
3,15.0,20.0,78,15.6,76,2,0,4,0.3461538461538461,0.0,1,0.0,0,0.0,0.0,0.0,64.05128205128206,8.501730496391161,20260128-130433_baseline_seed851358,baseline,0,0
4,20.0,25.0,78,15.6,74,4,0,4,0.3205128205128205,0.0,1,0.0,0,0.0,0.0,0.0,63.6025641025641,8.479749245793288,20260128-130433_baseline_seed851358,baseline,0,0
5,25.0,30.0,74,14.8,72,2,0,4,0.3378378378378378,0.0,1,0.0,0,0.0,0.0,0.0,64.02702702702703,8.501149322890425,20260128-130433_baseline_seed851358,baseline,0,0
6,30.0,35.0,68,13.6,68,0,0,4,0.3529411764705882,0.0,0,0.0,0,0.0,0.0,0.0,64.5,8.5,20260128-130433_baseline_seed851358,baseline,0,0
7,35.0,40.0,76,15.2,74,2,0,4,0.3421052631578947,0.0,1,0.0,0,0.0,0.0,0.0,64.03947368421052,8.501456205717263,20260128-130433_baseline_seed851358,baseline,0,0
8,40.0,45.0,74,14.8,72,2,0,4,0.3378378378378378,0.0,1,0.0,0,0.0,0.0,0.0,64.02702702702703,8.501149322890425,20260128-130433_baseline_seed851358,baseline,0,0
9,45.0,50.0,76,15.2,72,4,0,4,0.3157894736842105,0.0,1,0.0,0,0.0,0.0,0.0,63.578947368421055,8.477932900205554,20260128-130433_baseline_seed851358,baseline,0,0
10,50.0,55.0,74,14.8,72,2,0,4,0.3378378378378378,0.0,1,0.0,0,0.0,0.0,0.0,64.02702702702703,8.501149322890424,20260128-130433_baseline_seed851358,baseline,0,0
1,5.0,10.0,70,14.0,70,0,0,4,0.3714285714285714,0.0,0,0.0,0,0.0,0.0,0.0,64.5,8.5,20260128-130537_baseline_seed661396,baseline,0,0
2,10.0,15.0,74,14.8,70,4,0,4,0.3108108108108108,0.0,1,0.0,0,0.0,0.0,0.0,63.554054054054056,8.47594671726026,20260128-130537_baseline_seed661396,baseline,0,0
3,15.0,20.0,70,14.0,70,0,0,4,0.3571428571428571,0.0,0,0.0,0,0.0,0.0,0.0,64.5,8.5,20260128-130537_baseline_seed661396,baseline,0,0
4,20.0,25.0,78,15.6,76,2,0,4,0.3461538461538461,0.0,1,0.0,0,0.0,0.0,0.0,64.05128205128206,8.501730496391161,20260128-130537_baseline_seed661396,baseline,0,0
5,25.0,30.0,72,14.4,70,2,0,4,0.3333333333333333,0.0,1,0.0,0,0.0,0.0,0.0,64.01388888888889,8.50080560815587,20260128-130537_baseline_seed661396,baseline,0,0
6,30.0,35.0,70,14.0,70,0,0,4,0.3571428571428571,0.0,0,0.0,0,0.0,0.0,0.0,64.5,8.5,20260128-130537_baseline_seed661396,baseline,0,0
7,35.0,40.0,66,13.2,66,0,0,4,0.3636363636363636,0.0,0,0.0,0,0.0,0.0,0.0,64.5,8.5,20260128-130537_baseline_seed661396,baseline,0,0
8,40.0,45.0,78,15.6,74,4,0,4,0.3205128205128205,0.0,1,0.0,0,0.0,0.0,0.0,63.6025641025641,8.479749245793288,20260128-130537_baseline_seed661396,baseline,0,0
9,45.0,50.0,78,15.6,74,4,0,4,0.3205128205128205,0.0,1,0.0,0,0.0,0.0,0.0,63.6025641025641,8.479749245793288,20260128-130537_baseline_seed661396,baseline,0,0
10,50.0,55.0,76,15.2,72,4,0,4,0.3157894736842105,0.0,1,0.0,0,0.0,0.0,0.0,63.578947368421055,8.477932900205554,20260128-130537_baseline_seed661396,baseline,0,0
1,5.0,10.0,78,15.6,76,2,0,4,0.3333333333333333,0.0,1,0.0,0,0.0,0.0,0.0,64.05128205128206,8.501730496391161,20260128-130642_baseline_seed751898,baseline,0,0
2,10.0,15.0,70,14.0,68,2,0,4,0.3285714285714285,0.0,1,0.0,0,0.0,0.0,0.0,64.0,8.500420157682964,20260128-130642_baseline_seed751898,baseline,0,0
3,15.0,20.0,70,14.0,70,0,0,4,0.3571428571428571,0.0,0,0.0,0,0.0,0.0,0.0,64.5,8.5,20260128-130642_baseline_seed751898,baseline,0,0
4,20.0,25.0,78,15.6,74,4,0,4,0.3205128205128205,0.0,1,0.0,0,0.0,0.0,0.0,63.6025641025641,8.479749245793288,20260128-130642_baseline_seed751898,baseline,0,0
5,25.0,30.0,76,15.2,74,2,0,4,0.3421052631578947,0.0,1,0.0,0,0.0,0.0,0.0,64.03947368421052,8.501456205717265,20260128-130642_baseline_seed751898,baseline,0,0
6,30.0,35.0,70,14.0,70,0,0,4,0.3571428571428571,0.0,0,0.0,0,0.0,0.0,0.0,64.5,8.5,20260128-130642_baseline_seed751898,baseline,0,0
7,35.0,40.0,78,15.6,76,2,0,4,0.3333333333333333,0.0,1,0.0,0,0.0,0.0,0.0,64.05128205128206,8.501730496391161,20260128-130642_baseline_seed751898,baseline,0,0
8,40.0,45.0,76,15.2,72,4,0,4,0.3289473684210526,0.0,1,0.0,0,0.0,0.0,0.0,63.578947368421055,8.477932900205554,20260128-130642_baseline_seed751898,baseline,0,0
9,45.0,50.0,80,16.0,74,6,0,4,0.3,0.0,1,0.0,0,0.0,0.0,0.0,63.1875,8.43814812325548,20260128-130642_baseline_seed751898,baseline,0,0
10,50.0,55.0,74,14.8,74,0,0,4,0.3513513513513513,0.0,0,0.0,0,0.0,0.0,0.0,64.5,8.5,20260128-130642_baseline_seed751898,baseline,0,0
1,5.0,10.0,70,14.0,70,0,0,4,0.3571428571428571,0.0,0,0.0,0,0.0,0.0,0.0,64.5,8.5,20260128-130746_baseline_seed323973,baseline,0,0
2,10.0,15.0,70,14.0,70,0,0,4,0.3571428571428571,0.0,0,0.0,0,0.0,0.0,0.0,64.5,8.5,20260128-130746_baseline_seed323973,baseline,0,0
3,15.0,20.0,74,14.8,72,2,0,4,0.3243243243243243,0.0,1,0.0,0,0.0,0.0,0.0,64.02702702702703,8.501149322890424,20260128-130746_baseline_seed323973,baseline,0,0
4,20.0,25.0,68,13.6,68,0,0,4,0.3529411764705882,0.0,0,0.0,0,0.0,0.0,0.0,64.5,8.5,20260128-130746_baseline_seed323973,baseline,0,0
5,25.0,30.0,66,13.2,66,0,0,4,0.3636363636363636,0.0,0,0.0,0,0.0,0.0,0.0,64.5,8.5,20260128-130746_baseline_seed323973,baseline,0,0
6,30.0,35.0,70,14.0,68,2,0,4,0.3285714285714285,0.0,1,0.0,0,0.0,0.0,0.0,64.0,8.500420157682964,20260128-130746_baseline_seed323973,baseline,0,0
7,35.0,40.0,78,15.6,74,4,0,4,0.3205128205128205,0.0,1,0.0,0,0.0,0.0,0.0,63.6025641025641,8.479749245793288,20260128-130746_baseline_seed323973,baseline,0,0
8,40.0,45.0,70,14.0,70,0,0,4,0.3571428571428571,0.0,0,0.0,0,0.0,0.0,0.0,64.5,8.5,20260128-130746_baseline_seed323973,baseline,0,0
9,45.0,50.0,72,14.4,72,0,0,4,0.3611111111111111,0.0,0,0.0,0,0.0,0.0,0.0,64.5,8.5,20260128-130746_baseline_seed323973,baseline,0,0
10,50.0,55.0,70,14.0,70,0,0,4,0.3571428571428571,0.0,0,0.0,0,0.0,0.0,0.0,64.5,8.5,20260128-130746_baseline_seed323973,baseline,0,0
1,5.0,10.0,76,15.2,74,2,0,4,0.3421052631578947,0.0,1,0.0,0,0.0,0.0,0.0,64.03947368421052,8.501456205717265,20260128-130851_baseline_seed137562,baseline,0,0
2,10.0,15.0,72,14.4,70,2,0,4,0.3472222222222222,0.0,1,0.0,0,0.0,0.0,0.0,64.01388888888889,8.50080560815587,20260128-130851_baseline_seed137562,baseline,0,0
3,15.0,20.0,72,14.4,70,2,0,4,0.3333333333333333,0.0,1,0.0,0,0.0,0.0,0.0,64.01388888888889,8.50080560815587,20260128-130851_baseline_seed137562,baseline,0,0
4,20.0,25.0,78,15.6,74,4,0,4,0.3076923076923077,0.0,1,0.0,0,0.0,0.0,0.0,63.6025641025641,8.479749245793288,20260128-130851_baseline_seed137562,baseline,0,0
5,25.0,30.0,70,14.0,70,0,0,4,0.3571428571428571,0.0,0,0.0,0,0.0,0.0,0.0,64.5,8.5,20260128-130851_baseline_seed137562,baseline,0,0
6,30.0,35.0,74,14.8,72,2,0,4,0.3378378378378378,0.0,1,0.0,0,0.0,0.0,0.0,64.02702702702703,8.501149322890425,20260128-130851_baseline_seed137562,baseline,0,0
7,35.0,40.0,80,16.0,76,4,0,4,0.325,0.0,1,0.0,0,0.0,0.0,0.0,63.625,8.481413502477048,20260128-130851_baseline_seed137562,baseline,0,0
8,40.0,45.0,74,14.8,70,4,0,4,0.3243243243243243,0.0,1,0.0,0,0.0,0.0,0.0,63.554054054054056,8.475946717260259,20260128-130851_baseline_seed137562,baseline,0,0
9,45.0,50.0,84,16.8,78,6,0,4,0.3095238095238095,0.0,1,0.0,0,0.0,0.0,0.0,63.25,8.445730113072353,20260128-130851_baseline_seed137562,baseline,0,0
10,50.0,55.0,68,13.6,68,0,0,4,0.3529411764705882,0.0,0,0.0,0,0.0,0.0,0.0,64.5,8.5,20260128-130851_baseline_seed137562,baseline,0,0
11,55.0,60.0,66,13.2,66,0,0,4,0.3484848484848485,0.0,0,0.0,0,0.0,0.0,0.0,64.5,8.5,20260128-130851_baseline_seed137562,baseline,0,0
1,5.0,10.0,76,15.2,74,2,0,4,0.3289473684210526,0.0,1,0.0,0,0.0,0.0,0.0,64.03947368421052,8.501456205717265,20260128-130956_baseline_seed795739,baseline,0,0
2,10.0,15.0,70,14.0,70,0,0,4,0.3571428571428571,0.0,0,0.0,0,0.0,0.0,0.0,64.5,8.5,20260128-130956_baseline_seed795739,baseline,0,0
3,15.0,20.0,78,15.6,74,4,0,4,0.3205128205128205,0.0,1,0.0,0,0.0,0.0,0.0,63.6025641025641,8.479749245793288,20260128-130956_baseline_seed795739,baseline,0,0
4,20.0,25.0,74,14.8,72,2,0,4,0.3378378378378378,0.0,1,0.0,0,0.0,0.0,0.0,64.02702702702703,8.501149322890425,20260128-130956_baseline_seed795739,baseline,0,0
5,25.0,30.0,74,14.8,72,2,0,4,0.3378378378378378,0.0,1,0.0,0,0.0,0.0,0.0,64.02702702702703,8.501149322890425,20260128-130956_baseline_seed795739,baseline,0,0
6,30.0,35.0,80,16.0,74,6,0,4,0.3,0.0,1,0.0,0,0.0,0.0,0.0,63.1875,8.43814812325548,20260128-130956_baseline_seed795739,baseline,0,0
7,35.0,40.0,72,14.4,72,0,0,4,0.3611111111111111,0.0,0,0.0,0,0.0,0.0,0.0,64.5,8.5,20260128-130956_baseline_seed795739,baseline,0,0
8,40.0,45.0,84,16.8,78,6,0,4,0.2976190476190476,0.0,1,0.0,0,0.0,0.0,0.0,63.25,8.445730113072353,20260128-130956_baseline_seed795739,baseline,0,0
9,45.0,50.0,74,14.8,72,2,0,4,0.3378378378378378,0.0,1,0.0,0,0.0,0.0,0.0,64.02702702702703,8.501149322890425,20260128-130956_baseline_seed795739,baseline,0,0
10,50.0,55.0,74,14.8,72,2,0,4,0.3378378378378378,0.0,1,0.0,0,0.0,0.0,0.0,64.02702702702703,8.501149322890425,20260128-130956_baseline_seed795739,baseline,0,0
1,5.0,10.0,76,15.2,72,4,0,4,0.3289473684210526,0.0,1,0.0,0,0.0,0.0,0.0,63.578947368421055,8.477932900205554,20260128-131100_baseline_seed333354,baseline,0,0
2,10.0,15.0,70,14.0,70,0,0,4,0.3571428571428571,0.0,0,0.0,0,0.0,0.0,0.0,64.5,8.5,20260128-131100_baseline_seed333354,baseline,0,0
3,15.0,20.0,70,14.0,70,0,0,4,0.3571428571428571,0.0,0,0.0,0,0.0,0.0,0.0,64.5,8.5,20260128-131100_baseline_seed333354,baseline,0,0
4,20.0,25.0,68,13.6,68,0,0,4,0.3676470588235294,0.0,0,0.0,0,0.0,0.0,0.0,64.5,8.5,20260128-131100_baseline_seed333354,baseline,0,0
5,25.0,30.0,68,13.6,68,0,0,4,0.3529411764705882,0.0,0,0.0,0,0.0,0.0,0.0,64.5,8.5,20260128-131100_baseline_seed333354,baseline,0,0
6,30.0,35.0,80,16.0,74,6,0,4,0.3,0.0,1,0.0,0,0.0,0.0,0.0,63.1875,8.43814812325548,20260128-131100_baseline_seed333354,baseline,0,0
7,35.0,40.0,70,14.0,70,0,0,4,0.3571428571428571,0.0,0,0.0,0,0.0,0.0,0.0,64.5,8.5,20260128-131100_baseline_seed333354,baseline,0,0
8,40.0,45.0,70,14.0,70,0,0,4,0.3571428571428571,0.0,0,0.0,0,0.0,0.0,0.0,64.5,8.5,20260128-131100_baseline_seed333354,baseline,0,0
9,45.0,50.0,80,16.0,76,4,0,4,0.325,0.0,1,0.0,0,0.0,0.0,0.0,63.625,8.481413502477048,20260128-131100_baseline_seed333354,baseline,0,0
10,50.0,55.0,78,15.6,76,2,0,4,0.3333333333333333,0.0,1,0.0,0,0.0,0.0,0.0,64.05128205128206,8.501730496391161,20260128-131100_baseline_seed333354,baseline,0,0
1,5.0,10.0,70,14.0,68,2,0,4,0.3428571428571428,0.0,1,0.0,0,0.0,0.0,0.0,64.0,8.500420157682964,20260128-131205_baseline_seed987481,baseline,0,0
2,10.0,15.0,72,14.4,72,0,0,4,0.3472222222222222,0.0,0,0.0,0,0.0,0.0,0.0,64.5,8.5,20260128-131205_baseline_seed987481,baseline,0,0
3,15.0,20.0,70,14.0,70,0,0,4,0.3571428571428571,0.0,0,0.0,0,0.0,0.0,0.0,64.5,8.5,20260128-131205_baseline_seed987481,baseline,0,0
4,20.0,25.0,76,15.2,72,4,0,4,0.3157894736842105,0.0,1,0.0,0,0.0,0.0,0.0,63.578947368421055,8.477932900205554,20260128-131205_baseline_seed987481,baseline,0,0
5,25.0,30.0,76,15.2,72,4,0,4,0.3289473684210526,0.0,1,0.0,0,0.0,0.0,0.0,63.578947368421055,8.477932900205554,20260128-131205_baseline_seed987481,baseline,0,0
6,30.0,35.0,68,13.6,68,0,0,4,0.3382352941176471,0.0,0,0.0,0,0.0,0.0,0.0,64.5,8.5,20260128-131205_baseline_seed987481,baseline,0,0
7,35.0,40.0,72,14.4,70,2,0,4,0.3333333333333333,0.0,1,0.0,0,0.0,0.0,0.0,64.01388888888889,8.50080560815587,20260128-131205_baseline_seed987481,baseline,0,0
8,40.0,45.0,76,15.2,74,2,0,4,0.3552631578947368,0.0,1,0.0,0,0.0,0.0,0.0,64.03947368421052,8.501456205717263,20260128-131205_baseline_seed987481,baseline,0,0
9,45.0,50.0,74,14.8,72,2,0,4,0.3378378378378378,0.0,1,0.0,0,0.0,0.0,0.0,64.02702702702703,8.501149322890425,20260128-131205_baseline_seed987481,baseline,0,0
10,50.0,55.0,70,14.0,70,0,0,4,0.3571428571428571,0.0,0,0.0,0,0.0,0.0,0.0,64.5,8.5,20260128-131205_baseline_seed987481,baseline,0,0
1,5.0,10.0,82,16.4,76,6,0,4,0.3048780487804878,0.0,1,0.0,0,0.0,0.0,0.0,63.21951219512195,8.442090236838533,20260128-131309_baseline_seed450063,baseline,0,0
2,10.0,15.0,76,15.2,74,2,0,4,0.3421052631578947,0.0,1,0.0,0,0.0,0.0,0.0,64.03947368421052,8.501456205717265,20260128-131309_baseline_seed450063,baseline,0,0
3,15.0,20.0,74,14.8,72,2,0,4,0.3378378378378378,0.0,1,0.0,0,0.0,0.0,0.0,64.02702702702703,8.501149322890425,20260128-131309_baseline_seed450063,baseline,0,0
4,20.0,25.0,68,13.6,68,0,0,4,0.3676470588235294,0.0,0,0.0,0,0.0,0.0,0.0,64.5,8.5,20260128-131309_baseline_seed450063,baseline,0,0
5,25.0,30.0,72,14.4,70,2,0,4,0.3333333333333333,0.0,1,0.0,0,0.0,0.0,0.0,64.01388888888889,8.50080560815587,20260128-131309_baseline_seed450063,baseline,0,0
6,30.0,35.0,72,14.4,70,2,0,4,0.3333333333333333,0.0,1,0.0,0,0.0,0.0,0.0,64.01388888888889,8.500805608155872,20260128-131309_baseline_seed450063,baseline,0,0
7,35.0,40.0,68,13.6,68,0,0,4,0.3382352941176471,0.0,0,0.0,0,0.0,0.0,0.0,64.5,8.5,20260128-131309_baseline_seed450063,baseline,0,0
8,40.0,45.0,78,15.6,76,2,0,4,0.3461538461538461,0.0,1,0.0,0,0.0,0.0,0.0,64.05128205128206,8.501730496391161,20260128-131309_baseline_seed450063,baseline,0,0
9,45.0,50.0,78,15.6,74,4,0,4,0.3205128205128205,0.0,1,0.0,0,0.0,0.0,0.0,63.6025641025641,8.479749245793288,20260128-131309_baseline_seed450063,baseline,0,0
10,50.0,55.0,80,16.0,74,6,0,4,0.3,0.0,1,0.0,0,0.0,0.0,0.0,63.1875,8.43814812325548,20260128-131309_baseline_seed450063,baseline,0,0
1,5.0,10.0,712,142.4,710,2,0,6,0.4508426966292135,0.0,1,0.0,0,0.0,0.0,0.0,64.07162921348315,8.512989654127452,20260128-132021_baseline_ro_scan_seed581774,baseline_ro_scan,1,1
2,10.0,15.0,710,142.0,710,0,0,6,0.4507042253521127,0.0,0,0.0,0,0.0,0.0,0.0,64.09436619718309,8.514170248522719,20260128-132021_baseline_ro_scan_seed581774,baseline_ro_scan,1,1
3,15.0,20.0,714,142.8,712,2,0,6,0.4509803921568627,0.0,1,0.0,0,0.0,0.0,0.0,64.07282913165267,8.512983401474024,20260128-132021_baseline_ro_scan_seed581774,baseline_ro_scan,1,1
4,20.0,25.0,714,142.8,712,2,0,6,0.4481792717086835,0.0,1,0.0,0,0.0,0.0,0.0,64.07282913165267,8.512983401474024,20260128-132021_baseline_ro_scan_seed581774,baseline_ro_scan,1,1
5,25.0,30.0,710,142.0,710,0,0,6,0.4535211267605634,0.0,0,0.0,0,0.0,0.0,0.0,64.11971830985915,8.51385150952761,20260128-132021_baseline_ro_scan_seed581774,baseline_ro_scan,1,1
6,30.0,35.0,710,142.0,710,0,0,6,0.452112676056338,0.0,0,0.0,0,0.0,0.0,0.0,64.09436619718309,8.514170248522719,20260128-132021_baseline_ro_scan_seed581774,baseline_ro_scan,1,1
7,35.0,40.0,714,142.8,712,2,0,6,0.4495798319327731,0.0,1,0.0,0,0.0,0.0,0.0,64.07282913165267,8.512983401474024,20260128-132021_baseline_ro_scan_seed581774,baseline_ro_scan,1,1
8,40.0,45.0,710,142.0,710,0,0,6,0.452112676056338,0.0,0,0.0,0,0.0,0.0,0.0,64.11971830985915,8.51385150952761,20260128-132021_baseline_ro_scan_seed581774,baseline_ro_scan,1,1
9,45.0,50.0,710,142.0,710,0,0,6,0.452112676056338,0.0,0,0.0,0,0.0,0.0,0.0,64.09436619718309,8.514170248522719,20260128-132021_baseline_ro_scan_seed581774,baseline_ro_scan,1,1
10,50.0,55.0,714,142.8,710,4,0,6,0.4495798319327731,0.0,1,0.0,0,0.0,0.0,0.0,64.02380952380952,8.511863136761361,20260128-132021_baseline_ro_scan_seed581774,baseline_ro_scan,1,1
11,55.0,60.0,710,142.0,710,0,0,6,0.4507042253521127,0.0,0,0.0,0,0.0,0.0,0.0,64.11971830985915,8.51385150952761,20260128-132021_baseline_ro_scan_seed581774,baseline_ro_scan,1,1
1,5.0,10.0,710,142.0,710,0,0,6,0.452112676056338,0.0,0,0.0,0,0.0,0.0,0.0,64.11971830985915,8.51385150952761,20260128-132126_baseline_ro_scan_seed651198,baseline_ro_scan,1,1
2,10.0,15.0,718,143.6,712,6,0,6,0.447075208913649,0.0,1,0.0,0,0.0,0.0,0.0,63.95264623955432,8.510389355411576,20260128-132126_baseline_ro_scan_seed651198,baseline_ro_scan,1,1
3,15.0,20.0,722,144.4,716,6,0,6,0.4445983379501385,0.0,1,0.0,0,0.0,0.0,0.0,63.98060941828255,8.510522127709164,20260128-132126_baseline_ro_scan_seed651198,baseline_ro_scan,1,1
4,20.0,25.0,710,142.0,710,0,0,6,0.4535211267605634,0.0,0,0.0,0,0.0,0.0,0.0,64.11971830985915,8.51385150952761,20260128-132126_baseline_ro_scan_seed651198,baseline_ro_scan,1,1
5,25.0,30.0,716,143.2,712,4,0,6,0.4483240223463687,0.0,1,0.0,0,0.0,0.0,0.0,64.02513966480447,8.511867125592063,20260128-132126_baseline_ro_scan_seed651198,baseline_ro_scan,1,1
6,30.0,35.0,716,143.2,712,4,0,6,0.4483240223463687,0.0,1,0.0,0,0.0,0.0,0.0,64.0,8.511904250312057,20260128-132126_baseline_ro_scan_seed651198,baseline_ro_scan,1,1
7,35.0,40.0,722,144.4,714,8,0,6,0.4432132963988919,0.0,1,0.0,0,0.0,0.0,0.0,63.93213296398892,8.508890129737148,20260128-132126_baseline_ro_scan_seed651198,baseline_ro_scan,1,1
8,40.0,45.0,718,143.6,716,2,0,6,0.447075208913649,0.0,1,0.0,0,0.0,0.0,0.0,64.07520891364902,8.512970500306283,20260128-132126_baseline_ro_scan_seed651198,baseline_ro_scan,1,1
9,45.0,50.0,709,141.8,709,0,0,6,0.4541607898448519,0.0,0,0.0,0,0.0,0.0,0.0,64.0818053596615,8.513596135983185,20260128-132126_baseline_ro_scan_seed651198,baseline_ro_scan,1,1
10,50.0,55.0,715,143.0,713,2,0,6,0.4489510489510489,0.0,1,0.0,0,0.0,0.0,0.0,64.08531468531469,8.513567600752435,20260128-132126_baseline_ro_scan_seed651198,baseline_ro_scan,1,1
11,55.0,60.0,708,141.6,708,0,0,6,0.4533898305084746,0.0,0,0.0,0,0.0,0.0,0.0,64.11864406779661,8.513866547296647,20260128-132126_baseline_ro_scan_seed651198,baseline_ro_scan,1,1
1,5.0,10.0,714,142.8,712,2,0,6,0.4495798319327731,0.0,1,0.0,0,0.0,0.0,0.0,64.07282913165267,8.512983401474024,20260128-132231_baseline_ro_scan_seed211473,baseline_ro_scan,1,1
2,10.0,15.0,718,143.6,714,4,0,6,0.447075208913649,0.0,1,0.0,0,0.0,0.0,0.0,64.00139275766017,8.511911906251209,20260128-132231_baseline_ro_scan_seed211473,baseline_ro_scan,1,1
3,15.0,20.0,712,142.4,712,0,0,6,0.4522471910112359,0.0,0,0.0,0,0.0,0.0,0.0,64.12078651685393,8.513836421810486,20260128-132231_baseline_ro_scan_seed211473,baseline_ro_scan,1,1
4,20.0,25.0,722,144.4,718,4,0,6,0.4473684210526316,0.0,1,0.0,0,0.0,0.0,0.0,64.02908587257618,8.51187773639131,20260128-132231_baseline_ro_scan_seed211473,baseline_ro_scan,1,1
5,25.0,30.0,714,142.8,714,0,0,6,0.4495798319327731,0.0,0,0.0,0,0.0,0.0,0.0,64.09663865546219,8.514144758592652,20260128-132231_baseline_ro_scan_seed211473,baseline_ro_scan,1,1
6,30.0,35.0,714,142.8,710,4,0,6,0.4495798319327731,0.0,1,0.0,0,0.0,0.0,0.0,64.02380952380952,8.51186313676136,20260128-132231_baseline_ro_scan_seed211473,baseline_ro_scan,1,1
7,35.0,40.0,716,143.2,714,2,0,6,0.4497206703910614,0.0,1,0.0,0,0.0,0.0,0.0,64.07402234636872,8.512977016031375,20260128-132231_baseline_ro_scan_seed211473,baseline_ro_scan,1,1
8,40.0,45.0,704,140.8,704,0,0,6,0.4545454545454545,0.0,0,0.0,0,0.0,0.0,0.0,64.11647727272727,8.513896466655998,20260128-132231_baseline_ro_scan_seed211473,baseline_ro_scan,1,1
9,45.0,50.0,718,143.6,716,2,0,6,0.4484679665738161,0.0,1,0.0,0,0.0,0.0,0.0,64.05013927576601,8.513155065708734,20260128-132231_baseline_ro_scan_seed211473,baseline_ro_scan,1,1
10,50.0,55.0,706,141.2,706,0,0,6,0.4532577903682719,0.0,0,0.0,0,0.0,0.0,0.0,64.11756373937678,8.513881533541742,20260128-132231_baseline_ro_scan_seed211473,baseline_ro_scan,1,1
1,5.0,10.0,708,141.6,708,0,0,6,0.4533898305084746,0.0,0,0.0,0,0.0,0.0,0.0,64.11864406779661,8.513866547296647,20260128-132336_baseline_ro_scan_seed563361,baseline_ro_scan,1,1
2,10.0,15.0,720,144.0,716,4,0,6,0.4444444444444444,0.0,1,0.0,0,0.0,0.0,0.0,64.00277777777778,8.51191929365689,20260128-132336_baseline_ro_scan_seed563361,baseline_ro_scan,1,1
3,15.0,20.0,708,141.6,708,0,0,6,0.4519774011299435,0.0,0,0.0,0,0.0,0.0,0.0,64.11864406779661,8.513866547296647,20260128-132336_baseline_ro_scan_seed563361,baseline_ro_scan,1,1
4,20.0,25.0,714,142.8,712,2,0,6,0.4509803921568627,0.0,1,0.0,0,0.0,0.0,0.0,64.07282913165267,8.512983401474024,20260128-132336_baseline_ro_scan_seed563361,baseline_ro_scan,1,1
5,25.0,30.0,714,142.8,712,2,0,6,0.4495798319327731,0.0,1,0.0,0,0.0,0.0,0.0,64.07282913165267,8.512983401474024,20260128-132336_baseline_ro_scan_seed563361,baseline_ro_scan,1,1
6,30.0,35.0,712,142.4,712,0,0,6,0.4508426966292135,0.0,0,0.0,0,0.0,0.0,0.0,64.09550561797752,8.514157543582073,20260128-132336_baseline_ro_scan_seed563361,baseline_ro_scan,1,1
7,35.0,40.0,706,141.2,706,0,0,6,0.4532577903682719,0.0,0,0.0,0,0.0,0.0,0.0,64.11756373937678,8.513881533541742,20260128-132336_baseline_ro_scan_seed563361,baseline_ro_scan,1,1
8,40.0,45.0,718,143.6,714,4,0,6,0.447075208913649,0.0,1,0.0,0,0.0,0.0,0.0,64.02646239554318,8.511870886072984,20260128-132336_baseline_ro_scan_seed563361,baseline_ro_scan,1,1
9,45.0,50.0,722,144.4,718,4,0,6,0.445983379501385,0.0,1,0.0,0,0.0,0.0,0.0,64.00415512465374,8.511926416634278,20260128-132336_baseline_ro_scan_seed563361,baseline_ro_scan,1,1
10,50.0,55.0,708,141.6,708,0,0,6,0.4533898305084746,0.0,0,0.0,0,0.0,0.0,0.0,64.11864406779661,8.513866547296647,20260128-132336_baseline_ro_scan_seed563361,baseline_ro_scan,1,1
11,55.0,60.0,716,143.2,712,4,0,6,0.4483240223463687,0.0,1,0.0,0,0.0,0.0,0.0,64.02513966480447,8.511867125592063,20260128-132336_baseline_ro_scan_seed563361,baseline_ro_scan,1,1
1,5.0,10.0,710,142.0,710,0,0,6,0.452112676056338,0.0,0,0.0,0,0.0,0.0,0.0,64.11971830985915,8.51385150952761,20260128-132441_baseline_ro_scan_seed612057,baseline_ro_scan,1,1
2,10.0,15.0,720,144.0,720,0,0,6,0.4527777777777778,0.0,0,0.0,0,0.0,0.0,0.0,64.1,8.514105942493316,20260128-132441_baseline_ro_scan_seed612057,baseline_ro_scan,1,1
3,15.0,20.0,718,143.6,718,0,0,6,0.4512534818941504,0.0,0,0.0,0,0.0,0.0,0.0,64.12395543175488,8.51379087427792,20260128-132441_baseline_ro_scan_seed612057,baseline_ro_scan,1,1
4,20.0,25.0,712,142.4,712,0,0,6,0.4522471910112359,0.0,0,0.0,0,0.0,0.0,0.0,64.09550561797752,8.514157543582073,20260128-132441_baseline_ro_scan_seed612057,baseline_ro_scan,1,1
5,25.0,30.0,716,143.2,714,2,0,6,0.4497206703910614,0.0,1,0.0,0,0.0,0.0,0.0,64.07402234636872,8.512977016031375,20260128-132441_baseline_ro_scan_seed612057,baseline_ro_scan,1,1
6,30.0,35.0,724,144.8,722,2,0,6,0.4502762430939226,0.0,1,0.0,0,0.0,0.0,0.0,64.07872928176796,8.512950195860999,20260128-132441_baseline_ro_scan_seed612057,baseline_ro_scan,1,1
7,35.0,40.0,714,142.8,712,2,0,6,0.4523809523809524,0.0,1,0.0,0,0.0,0.0,0.0,64.04761904761905,8.51316174535018,20260128-132441_baseline_ro_scan_seed612057,baseline_ro_scan,1,1
8,40.0,45.0,720,144.0,718,2,0,6,0.4472222222222222,0.0,1,0.0,0,0.0,0.0,0.0,64.07638888888889,8.512963856762376,20260128-132441_baseline_ro_scan_seed612057,baseline_ro_scan,1,1
9,45.0,50.0,720,144.0,716,4,0,6,0.4458333333333333,0.0,1,0.0,0,0.0,0.0,0.0,64.02777777777777,8.511874421820304,20260128-132441_baseline_ro_scan_seed612057,baseline_ro_scan,1,1
10,50.0,55.0,714,142.8,712,2,0,6,0.4495798319327731,0.0,1,0.0,0,0.0,0.0,0.0,64.04761904761905,8.51316174535018,20260128-132441_baseline_ro_scan_seed612057,baseline_ro_scan,1,1
11,55.0,60.0,726,145.2,720,6,0,6,0.443526170798898,0.0,1,0.0,0,0.0,0.0,0.0,63.98347107438016,8.510551031556854,20260128-132441_baseline_ro_scan_seed612057,baseline_ro_scan,1,1
1,5.0,10.0,716,143.2,716,0,0,6,0.4497206703910614,0.0,0,0.0,0,0.0,0.0,0.0,64.09776536312849,8.514131895488381,20260128-132546_baseline_ro_scan_seed630765,baseline_ro_scan,1,1
2,10.0,15.0,722,144.4,718,4,0,6,0.4473684210526316,0.0,1,0.0,0,0.0,0.0,0.0,64.02908587257618,8.51187773639131,20260128-132546_baseline_ro_scan_seed630765,baseline_ro_scan,1,1
3,15.0,20.0,722,144.4,718,4,0,6,0.445983379501385,0.0,1,0.0,0,0.0,0.0,0.0,64.02908587257618,8.511877736391313,20260128-132546_baseline_ro_scan_seed630765,baseline_ro_scan,1,1
4,20.0,25.0,718,143.6,716,2,0,6,0.447075208913649,0.0,1,0.0,0,0.0,0.0,0.0,64.05013927576601,8.513155065708734,20260128-132546_baseline_ro_scan_seed630765,baseline_ro_scan,1,1
5,25.0,30.0,706,141.2,706,0,0,6,0.4546742209631728,0.0,0,0.0,0,0.0,0.0,0.0,64.11756373937678,8.513881533541742,20260128-132546_baseline_ro_scan_seed630765,baseline_ro_scan,1,1
6,30.0,35.0,712,142.4,710,2,0,6,0.4508426966292135,0.0,1,0.0,0,0.0,0.0,0.0,64.07162921348315,8.512989654127452,20260128-132546_baseline_ro_scan_seed630765,baseline_ro_scan,1,1
7,35.0,40.0,720,144.0,718,2,0,6,0.45,0.0,1,0.0,0,0.0,0.0,0.0,64.0513888888889,8.513151477037587,20260128-132546_baseline_ro_scan_seed630765,baseline_ro_scan,1,1
8,40.0,45.0,712,142.4,712,0,0,6,0.4508426966292135,0.0,0,0.0,0,0.0,0.0,0.0,64.12078651685393,8.513836421810486,20260128-132546_baseline_ro_scan_seed630765,baseline_ro_scan,1,1
9,45.0,50.0,716,143.2,714,2,0,6,0.4497206703910614,0.0,1,0.0,0,0.0,0.0,0.0,64.07402234636872,8.512977016031375,20260128-132546_baseline_ro_scan_seed630765,baseline_ro_scan,1,1
10,50.0,55.0,714,142.8,712,2,0,6,0.4509803921568627,0.0,1,0.0,0,0.0,0.0,0.0,64.04761904761905,8.51316174535018,20260128-132546_baseline_ro_scan_seed630765,baseline_ro_scan,1,1
1,5.0,10.0,712,142.4,712,0,0,6,0.4508426966292135,0.0,0,0.0,0,0.0,0.0,0.0,64.12078651685393,8.513836421810486,20260128-132652_baseline_ro_scan_seed837777,baseline_ro_scan,1,1
2,10.0,15.0,712,142.4,712,0,0,6,0.4522471910112359,0.0,0,0.0,0,0.0,0.0,0.0,64.09550561797752,8.514157543582073,20260128-132652_baseline_ro_scan_seed837777,baseline_ro_scan,1,1
3,15.0,20.0,710,142.0,710,0,0,6,0.452112676056338,0.0,0,0.0,0,0.0,0.0,0.0,64.11971830985915,8.51385150952761,20260128-132652_baseline_ro_scan_seed837777,baseline_ro_scan,1,1
4,20.0,25.0,712,142.4,712,0,0,6,0.4522471910112359,0.0,0,0.0,0,0.0,0.0,0.0,64.12078651685393,8.513836421810486,20260128-132652_baseline_ro_scan_seed837777,baseline_ro_scan,1,1
5,25.0,30.0,712,142.4,710,2,0,6,0.4508426966292135,0.0,1,0.0,0,0.0,0.0,0.0,64.04634831460675,8.513164830381095,20260128-132652_baseline_ro_scan_seed837777,baseline_ro_scan,1,1
6,30.0,35.0,714,142.8,712,2,0,6,0.4509803921568627,0.0,1,0.0,0,0.0,0.0,0.0,64.07282913165267,8.512983401474024,20260128-132652_baseline_ro_scan_seed837777,baseline_ro_scan,1,1
7,35.0,40.0,708,141.6,708,0,0,6,0.4533898305084746,0.0,0,0.0,0,0.0,0.0,0.0,64.11864406779661,8.513866547296647,20260128-132652_baseline_ro_scan_seed837777,baseline_ro_scan,1,1
8,40.0,45.0,720,144.0,716,4,0,6,0.4472222222222222,0.0,1,0.0,0,0.0,0.0,0.0,64.00277777777778,8.51191929365689,20260128-132652_baseline_ro_scan_seed837777,baseline_ro_scan,1,1
9,45.0,50.0,708,141.6,708,0,0,6,0.4533898305084746,0.0,0,0.0,0,0.0,0.0,0.0,64.11864406779661,8.513866547296647,20260128-132652_baseline_ro_scan_seed837777,baseline_ro_scan,1,1
10,50.0,55.0,712,142.4,712,0,0,6,0.4522471910112359,0.0,0,0.0,0,0.0,0.0,0.0,64.12078651685393,8.513836421810486,20260128-132652_baseline_ro_scan_seed837777,baseline_ro_scan,1,1
11,55.0,60.0,714,142.8,712,2,0,6,0.4495798319327731,0.0,1,0.0,0,0.0,0.0,0.0,64.07282913165267,8.512983401474024,20260128-132652_baseline_ro_scan_seed837777,baseline_ro_scan,1,1
1,5.0,10.0,718,143.6,714,4,0,6,0.4484679665738161,0.0,1,0.0,0,0.0,0.0,0.0,64.02646239554318,8.511870886072984,20260128-132757_baseline_ro_scan_seed678183,baseline_ro_scan,1,1
2,10.0,15.0,716,143.2,714,2,0,6,0.4483240223463687,0.0,1,0.0,0,0.0,0.0,0.0,64.04888268156425,8.513158489461038,20260128-132757_baseline_ro_scan_seed678183,baseline_ro_scan,1,1
3,15.0,20.0,714,142.8,712,2,0,6,0.4495798319327731,0.0,1,0.0,0,0.0,0.0,0.0,64.07282913165267,8.512983401474024,20260128-132757_baseline_ro_scan_seed678183,baseline_ro_scan,1,1
4,20.0,25.0,714,142.8,714,0,0,6,0.4509803921568627,0.0,0,0.0,0,0.0,0.0,0.0,64.1218487394958,8.513821285690883,20260128-132757_baseline_ro_scan_seed678183,baseline_ro_scan,1,1
5,25.0,30.0,710,142.0,710,0,0,6,0.452112676056338,0.0,0,0.0,0,0.0,0.0,0.0,64.09436619718309,8.514170248522719,20260128-132757_baseline_ro_scan_seed678183,baseline_ro_scan,1,1
6,30.0,35.0,722,144.4,718,4,0,6,0.4473684210526316,0.0,1,0.0,0,0.0,0.0,0.0,64.02908587257618,8.51187773639131,20260128-132757_baseline_ro_scan_seed678183,baseline_ro_scan,1,1
7,35.0,40.0,718,143.6,714,4,0,6,0.447075208913649,0.0,1,0.0,0,0.0,0.0,0.0,64.02646239554318,8.511870886072984,20260128-132757_baseline_ro_scan_seed678183,baseline_ro_scan,1,1
8,40.0,45.0,712,142.4,712,0,0,6,0.4522471910112359,0.0,0,0.0,0,0.0,0.0,0.0,64.09550561797752,8.514157543582073,20260128-132757_baseline_ro_scan_seed678183,baseline_ro_scan,1,1
9,45.0,50.0,714,142.8,714,0,0,6,0.4509803921568627,0.0,0,0.0,0,0.0,0.0,0.0,64.1218487394958,8.513821285690883,20260128-132757_baseline_ro_scan_seed678183,baseline_ro_scan,1,1
10,50.0,55.0,718,143.6,716,2,0,6,0.447075208913649,0.0,1,0.0,0,0.0,0.0,0.0,64.07520891364902,8.512970500306283,20260128-132757_baseline_ro_scan_seed678183,baseline_ro_scan,1,1
11,55.0,60.0,708,141.6,708,0,0,6,0.4519774011299435,0.0,0,0.0,0,0.0,0.0,0.0,64.11864406779661,8.513866547296647,20260128-132757_baseline_ro_scan_seed678183,baseline_ro_scan,1,1
1,5.0,10.0,716,143.2,714,2,0,6,0.4497206703910614,0.0,1,0.0,0,0.0,0.0,0.0,64.07402234636872,8.512977016031375,20260128-132902_baseline_ro_scan_seed319538,baseline_ro_scan,1,1
2,10.0,15.0,716,143.2,716,0,0,6,0.4497206703910614,0.0,0,0.0,0,0.0,0.0,0.0,64.09776536312849,8.51413189548838,20260128-132902_baseline_ro_scan_seed319538,baseline_ro_scan,1,1
3,15.0,20.0,720,144.0,716,4,0,6,0.4486111111111111,0.0,1,0.0,0,0.0,0.0,0.0,64.02777777777777,8.511874421820304,20260128-132902_baseline_ro_scan_seed319538,baseline_ro_scan,1,1
4,20.0,25.0,708,141.6,708,0,0,6,0.4519774011299435,0.0,0,0.0,0,0.0,0.0,0.0,64.11864406779661,8.513866547296647,20260128-132902_baseline_ro_scan_seed319538,baseline_ro_scan,1,1
5,25.0,30.0,716,143.2,714,2,0,6,0.4497206703910614,0.0,1,0.0,0,0.0,0.0,0.0,64.04888268156425,8.513158489461038,20260128-132902_baseline_ro_scan_seed319538,baseline_ro_scan,1,1
6,30.0,35.0,720,144.0,716,4,0,6,0.4458333333333333,0.0,1,0.0,0,0.0,0.0,0.0,64.02777777777777,8.511874421820304,20260128-132902_baseline_ro_scan_seed319538,baseline_ro_scan,1,1
7,35.0,40.0,712,142.4,710,2,0,6,0.4522471910112359,0.0,1,0.0,0,0.0,0.0,0.0,64.07162921348315,8.512989654127452,20260128-132902_baseline_ro_scan_seed319538,baseline_ro_scan,1,1
8,40.0,45.0,728,145.6,722,6,0,6,0.4423076923076923,0.0,1,0.0,0,0.0,0.0,0.0,63.96016483516483,8.510485192666053,20260128-132902_baseline_ro_scan_seed319538,baseline_ro_scan,1,1
9,45.0,50.0,714,142.8,712,2,0,6,0.4495798319327731,0.0,1,0.0,0,0.0,0.0,0.0,64.07282913165267,8.512983401474024,20260128-132902_baseline_ro_scan_seed319538,baseline_ro_scan,1,1
10,50.0,55.0,708,141.6,708,0,0,6,0.4519774011299435,0.0,0,0.0,0,0.0,0.0,0.0,64.11864406779661,8.513866547296647,20260128-132902_baseline_ro_scan_seed319538,baseline_ro_scan,1,1
11,55.0,60.0,722,144.4,716,6,0,6,0.4445983379501385,0.0,1,0.0,0,0.0,0.0,0.0,63.95567867036011,8.510428808269618,20260128-132902_baseline_ro_scan_seed319538,baseline_ro_scan,1,1
1,5.0,10.0,720,144.0,716,4,0,6,0.4472222222222222,0.0,1,0.0,0,0.0,0.0,0.0,64.00277777777778,8.51191929365689,20260128-133007_baseline_ro_scan_seed179745,baseline_ro_scan,1,1
2,10.0,15.0,712,142.4,712,0,0,6,0.4522471910112359,0.0,0,0.0,0,0.0,0.0,0.0,64.12078651685393,8.513836421810486,20260128-133007_baseline_ro_scan_seed179745,baseline_ro_scan,1,1
3,15.0,20.0,726,145.2,720,6,0,6,0.443526170798898,0.0,1,0.0,0,0.0,0.0,0.0,63.98347107438016,8.510551031556854,20260128-133007_baseline_ro_scan_seed179745,baseline_ro_scan,1,1
4,20.0,25.0,712,142.4,710,2,0,6,0.4508426966292135,0.0,1,0.0,0,0.0,0.0,0.0,64.07162921348315,8.512989654127452,20260128-133007_baseline_ro_scan_seed179745,baseline_ro_scan,1,1
5,25.0,30.0,716,143.2,714,2,0,6,0.4483240223463687,0.0,1,0.0,0,0.0,0.0,0.0,64.04888268156425,8.513158489461038,20260128-133007_baseline_ro_scan_seed179745,baseline_ro_scan,1,1
6,30.0,35.0,708,141.6,708,0,0,6,0.4533898305084746,0.0,0,0.0,0,0.0,0.0,0.0,64.11864406779661,8.513866547296649,20260128-133007_baseline_ro_scan_seed179745,baseline_ro_scan,1,1
7,35.0,40.0,708,141.6,708,0,0,6,0.4519774011299435,0.0,0,0.0,0,0.0,0.0,0.0,64.11864406779661,8.513866547296647,20260128-133007_baseline_ro_scan_seed179745,baseline_ro_scan,1,1
8,40.0,45.0,720,144.0,716,4,0,6,0.4472222222222222,0.0,1,0.0,0,0.0,0.0,0.0,64.00277777777778,8.51191929365689,20260128-133007_baseline_ro_scan_seed179745,baseline_ro_scan,1,1
9,45.0,50.0,708,141.6,708,0,0,6,0.4533898305084746,0.0,0,0.0,0,0.0,0.0,0.0,64.11864406779661,8.513866547296647,20260128-133007_baseline_ro_scan_seed179745,baseline_ro_scan,1,1
10,50.0,55.0,710,142.0,710,0,0,6,0.452112676056338,0.0,0,0.0,0,0.0,0.0,0.0,64.11971830985915,8.51385150952761,20260128-133007_baseline_ro_scan_seed179745,baseline_ro_scan,1,1
11,55.0,60.0,710,142.0,710,0,0,6,0.4535211267605634,0.0,0,0.0,0,0.0,0.0,0.0,64.09436619718309,8.514170248522719,20260128-133007_baseline_ro_scan_seed179745,baseline_ro_scan,1,1
1,5.0,10.0,162,32.4,70,92,0,6,0.2839506172839506,0.0,1,0.0,0,0.0,0.0,0.0,59.67283950617284,6.996322002797922,20260128-133200_baseline_write_inj_seed917403,baseline_write_inj,2,1
2,10.0,15.0,160,32.0,68,92,0,6,0.2875,0.0,1,0.0,0,0.0,0.0,0.0,59.6125,6.954303973080278,20260128-133200_baseline_write_inj_seed917403,baseline_write_inj,2,1
3,15.0,20.0,162,32.4,68,94,0,6,0.2839506172839506,0.0,1,0.0,0,0.0,0.0,0.0,59.45679012345679,6.850339061115735,20260128-133200_baseline_write_inj_seed917403,baseline_write_inj,2,1
4,20.0,25.0,170,34.0,74,96,0,6,0.2705882352941176,0.0,1,0.0,0,0.0,0.0,0.0,59.48823529411764,6.880696130389302,20260128-133200_baseline_write_inj_seed917403,baseline_write_inj,2,1
5,25.0,30.0,164,32.8,70,94,0,6,0.2804878048780488,0.0,1,0.0,0,0.0,0.0,0.0,59.51829268292683,6.895095960505589,20260128-133200_baseline_write_inj_seed917403,baseline_write_inj,2,1
6,30.0,35.0,160,32.0,68,92,0,6,0.2875,0.0,1,0.0,0,0.0,0.0,0.0,59.6125,6.954303973080278,20260128-133200_baseline_write_inj_seed917403,baseline_write_inj,2,1
7,35.0,40.0,160,32.0,68,92,0,6,0.2875,0.0,1,0.0,0,0.0,0.0,0.0,59.6125,6.954303973080278,20260128-133200_baseline_write_inj_seed917403,baseline_write_inj,2,1
8,40.0,45.0,158,31.6,68,90,0,6,0.2848101265822785,0.0,1,0.0,0,0.0,0.0,0.0,59.65822784810127,6.986218034752265,20260128-133200_baseline_write_inj_seed917403,baseline_write_inj,2,1
9,45.0,50.0,166,33.2,72,94,0,6,0.2771084337349397,0.0,1,0.0,0,0.0,0.0,0.0,59.57831325301205,6.9379704020313415,20260128-133200_baseline_write_inj_seed917403,baseline_write_inj,2,1
10,50.0,55.0,160,32.0,68,92,0,6,0.2875,0.0,1,0.0,0,0.0,0.0,0.0,59.6125,6.954303973080278,20260128-133200_baseline_write_inj_seed917403,baseline_write_inj,2,1
11,55.0,60.0,160,32.0,68,92,0,6,0.2875,0.0,1,0.0,0,0.0,0.0,0.0,59.6125,6.954303973080278,20260128-133200_baseline_write_inj_seed917403,baseline_write_inj,2,1
1,5.0,10.0,164,32.8,68,96,0,6,0.2804878048780488,0.0,1,0.0,0,0.0,0.0,0.0,59.30487804878049,6.743902439024397,20260128-133305_baseline_write_inj_seed807071,baseline_write_inj,2,1
2,10.0,15.0,158,31.6,66,92,0,6,0.2911392405063291,0.0,1,0.0,0,0.0,0.0,0.0,59.550632911392405,6.910409931560363,20260128-133305_baseline_write_inj_seed807071,baseline_write_inj,2,1
3,15.0,20.0,162,32.4,70,92,0,6,0.2839506172839506,0.0,1,0.0,0,0.0,0.0,0.0,59.67283950617284,6.996322002797922,20260128-133305_baseline_write_inj_seed807071,baseline_write_inj,2,1
4,20.0,25.0,164,32.8,70,94,0,6,0.2804878048780488,0.0,1,0.0,0,0.0,0.0,0.0,59.51829268292683,6.89509596050559,20260128-133305_baseline_write_inj_seed807071,baseline_write_inj,2,1
5,25.0,30.0,160,32.0,68,92,0,6,0.2875,0.0,1,0.0,0,0.0,0.0,0.0,59.6125,6.954303973080278,20260128-133305_baseline_write_inj_seed807071,baseline_write_inj,2,1
6,30.0,35.0,158,31.6,66,92,0,6,0.2911392405063291,0.0,1,0.0,0,0.0,0.0,0.0,59.550632911392405,6.910409931560363,20260128-133305_baseline_write_inj_seed807071,baseline_write_inj,2,1
7,35.0,40.0,162,32.4,68,94,0,6,0.2839506172839506,0.0,1,0.0,0,0.0,0.0,0.0,59.45679012345679,6.850339061115735,20260128-133305_baseline_write_inj_seed807071,baseline_write_inj,2,1
8,40.0,45.0,164,32.8,70,94,0,6,0.2804878048780488,0.0,1,0.0,0,0.0,0.0,0.0,59.51829268292683,6.89509596050559,20260128-133305_baseline_write_inj_seed807071,baseline_write_inj,2,1
9,45.0,50.0,162,32.4,68,94,0,6,0.2839506172839506,0.0,1,0.0,0,0.0,0.0,0.0,59.45679012345679,6.850339061115735,20260128-133305_baseline_write_inj_seed807071,baseline_write_inj,2,1
10,50.0,55.0,164,32.8,70,94,0,6,0.2804878048780488,0.0,1,0.0,0,0.0,0.0,0.0,59.51829268292683,6.89509596050559,20260128-133305_baseline_write_inj_seed807071,baseline_write_inj,2,1
11,55.0,60.0,162,32.4,70,92,0,6,0.2839506172839506,0.0,1,0.0,0,0.0,0.0,0.0,59.67283950617284,6.996322002797922,20260128-133305_baseline_write_inj_seed807071,baseline_write_inj,2,1
1,5.0,10.0,164,32.8,70,94,0,6,0.2804878048780488,0.0,1,0.0,0,0.0,0.0,0.0,59.51829268292683,6.89509596050559,20260128-133410_baseline_write_inj_seed485669,baseline_write_inj,2,1
2,10.0,15.0,174,34.8,74,100,0,6,0.2701149425287356,0.0,1,0.0,0,0.0,0.0,0.0,59.30459770114943,6.750417748605215,20260128-133410_baseline_write_inj_seed485669,baseline_write_inj,2,1
3,15.0,20.0,170,34.0,72,98,0,6,0.2705882352941176,0.0,1,0.0,0,0.0,0.0,0.0,59.28235294117647,6.7337809756758205,20260128-133410_baseline_write_inj_seed485669,baseline_write_inj,2,1
4,20.0,25.0,168,33.6,72,96,0,6,0.2678571428571428,0.0,1,0.0,0,0.0,0.0,0.0,59.32142857142857,6.764157488602124,20260128-133410_baseline_write_inj_seed485669,baseline_write_inj,2,1
5,25.0,30.0,174,34.8,76,98,0,6,0.264367816091954,0.0,1,0.0,0,0.0,0.0,0.0,59.40229885057471,6.824499089217772,20260128-133410_baseline_write_inj_seed485669,baseline_write_inj,2,1
6,30.0,35.0,168,33.6,72,96,0,6,0.2738095238095238,0.0,1,0.0,0,0.0,0.0,0.0,59.42857142857143,6.837024057233069,20260128-133410_baseline_write_inj_seed485669,baseline_write_inj,2,1
7,35.0,40.0,162,32.4,68,94,0,6,0.2839506172839506,0.0,1,0.0,0,0.0,0.0,0.0,59.45679012345679,6.850339061115736,20260128-133410_baseline_write_inj_seed485669,baseline_write_inj,2,1
8,40.0,45.0,172,34.4,74,98,0,6,0.2674418604651162,0.0,1,0.0,0,0.0,0.0,0.0,59.343023255813954,6.780084390942075,20260128-133410_baseline_write_inj_seed485669,baseline_write_inj,2,1
9,45.0,50.0,168,33.6,72,96,0,6,0.2738095238095238,0.0,1,0.0,0,0.0,0.0,0.0,59.42857142857143,6.8370240572330685,20260128-133410_baseline_write_inj_seed485669,baseline_write_inj,2,1
10,50.0,55.0,158,31.6,66,92,0,6,0.2911392405063291,0.0,1,0.0,0,0.0,0.0,0.0,59.550632911392405,6.910409931560363,20260128-133410_baseline_write_inj_seed485669,baseline_write_inj,2,1
1,5.0,10.0,162,32.4,68,94,0,6,0.2839506172839506,0.0,1,0.0,0,0.0,0.0,0.0,59.45679012345679,6.850339061115736,20260128-133515_baseline_write_inj_seed988336,baseline_write_inj,2,1
2,10.0,15.0,158,31.6,66,92,0,6,0.2911392405063291,0.0,1,0.0,0,0.0,0.0,0.0,59.550632911392405,6.910409931560363,20260128-133515_baseline_write_inj_seed988336,baseline_write_inj,2,1
3,15.0,20.0,162,32.4,68,94,0,6,0.2839506172839506,0.0,1,0.0,0,0.0,0.0,0.0,59.45679012345679,6.850339061115735,20260128-133515_baseline_write_inj_seed988336,baseline_write_inj,2,1
4,20.0,25.0,162,32.4,68,94,0,6,0.2839506172839506,0.0,1,0.0,0,0.0,0.0,0.0,59.45679012345679,6.850339061115735,20260128-133515_baseline_write_inj_seed988336,baseline_write_inj,2,1
5,25.0,30.0,164,32.8,70,94,0,6,0.2804878048780488,0.0,1,0.0,0,0.0,0.0,0.0,59.51829268292683,6.895095960505589,20260128-133515_baseline_write_inj_seed988336,baseline_write_inj,2,1
6,30.0,35.0,164,32.8,68,96,0,6,0.2804878048780488,0.0,1,0.0,0,0.0,0.0,0.0,59.30487804878049,6.743902439024397,20260128-133515_baseline_write_inj_seed988336,baseline_write_inj,2,1
7,35.0,40.0,170,34.0,74,96,0,6,0.2705882352941176,0.0,1,0.0,0,0.0,0.0,0.0,59.48823529411764,6.880696130389302,20260128-133515_baseline_write_inj_seed988336,baseline_write_inj,2,1
8,40.0,45.0,164,32.8,70,94,0,6,0.2804878048780488,0.0,1,0.0,0,0.0,0.0,0.0,59.51829268292683,6.89509596050559,20260128-133515_baseline_write_inj_seed988336,baseline_write_inj,2,1
9,45.0,50.0,164,32.8,70,94,0,6,0.2804878048780488,0.0,1,0.0,0,0.0,0.0,0.0,59.51829268292683,6.895095960505589,20260128-133515_baseline_write_inj_seed988336,baseline_write_inj,2,1
10,50.0,55.0,160,32.0,68,92,0,6,0.2875,0.0,1,0.0,0,0.0,0.0,0.0,59.6125,6.954303973080278,20260128-133515_baseline_write_inj_seed988336,baseline_write_inj,2,1
11,55.0,60.0,172,34.4,74,98,0,6,0.2674418604651162,0.0,1,0.0,0,0.0,0.0,0.0,59.343023255813954,6.780084390942075,20260128-133515_baseline_write_inj_seed988336,baseline_write_inj,2,1
1,5.0,10.0,160,32.0,66,94,0,6,0.2875,0.0,1,0.0,0,0.0,0.0,0.0,59.39375,6.803580743806896,20260128-133620_baseline_write_inj_seed256375,baseline_write_inj,2,1
2,10.0,15.0,164,32.8,70,94,0,6,0.2804878048780488,0.0,1,0.0,0,0.0,0.0,0.0,59.51829268292683,6.89509596050559,20260128-133620_baseline_write_inj_seed256375,baseline_write_inj,2,1
3,15.0,20.0,164,32.8,70,94,0,6,0.2804878048780488,0.0,1,0.0,0,0.0,0.0,0.0,59.51829268292683,6.895095960505589,20260128-133620_baseline_write_inj_seed256375,baseline_write_inj,2,1
4,20.0,25.0,158,31.6,66,92,0,6,0.2911392405063291,0.0,1,0.0,0,0.0,0.0,0.0,59.550632911392405,6.910409931560363,20260128-133620_baseline_write_inj_seed256375,baseline_write_inj,2,1
5,25.0,30.0,168,33.6,72,96,0,6,0.2738095238095238,0.0,1,0.0,0,0.0,0.0,0.0,59.42857142857143,6.837024057233069,20260128-133620_baseline_write_inj_seed256375,baseline_write_inj,2,1
6,30.0,35.0,158,31.6,66,92,0,6,0.2911392405063291,0.0,1,0.0,0,0.0,0.0,0.0,59.550632911392405,6.910409931560363,20260128-133620_baseline_write_inj_seed256375,baseline_write_inj,2,1
7,35.0,40.0,166,33.2,72,94,0,6,0.2771084337349397,0.0,1,0.0,0,0.0,0.0,0.0,59.57831325301205,6.9379704020313415,20260128-133620_baseline_write_inj_seed256375,baseline_write_inj,2,1
8,40.0,45.0,164,32.8,70,94,0,6,0.2804878048780488,0.0,1,0.0,0,0.0,0.0,0.0,59.51829268292683,6.89509596050559,20260128-133620_baseline_write_inj_seed256375,baseline_write_inj,2,1
9,45.0,50.0,166,33.2,72,94,0,6,0.2831325301204819,0.0,1,0.0,0,0.0,0.0,0.0,59.68674698795181,7.005897190368184,20260128-133620_baseline_write_inj_seed256375,baseline_write_inj,2,1
10,50.0,55.0,156,31.2,64,92,0,6,0.2948717948717949,0.0,1,0.0,0,0.0,0.0,0.0,59.48717948717949,6.864519685035944,20260128-133620_baseline_write_inj_seed256375,baseline_write_inj,2,1
11,55.0,60.0,172,34.4,74,98,0,6,0.2674418604651162,0.0,1,0.0,0,0.0,0.0,0.0,59.343023255813954,6.780084390942075,20260128-133620_baseline_write_inj_seed256375,baseline_write_inj,2,1
1,5.0,10.0,158,31.6,68,90,0,6,0.2848101265822785,0.0,1,0.0,0,0.0,0.0,0.0,59.65822784810127,6.986218034752264,20260128-133725_baseline_write_inj_seed537665,baseline_write_inj,2,1
2,10.0,15.0,166,33.2,70,96,0,6,0.2771084337349397,0.0,1,0.0,0,0.0,0.0,0.0,59.36746987951807,6.791465381802762,20260128-133725_baseline_write_inj_seed537665,baseline_write_inj,2,1
3,15.0,20.0,170,34.0,74,96,0,6,0.2705882352941176,0.0,1,0.0,0,0.0,0.0,0.0,59.48823529411764,6.880696130389302,20260128-133725_baseline_write_inj_seed537665,baseline_write_inj,2,1
4,20.0,25.0,166,33.2,70,96,0,6,0.2771084337349397,0.0,1,0.0,0,0.0,0.0,0.0,59.36746987951807,6.791465381802762,20260128-133725_baseline_write_inj_seed537665,baseline_write_inj,2,1
5,25.0,30.0,160,32.0,68,92,0,6,0.2875,0.0,1,0.0,0,0.0,0.0,0.0,59.6125,6.954303973080278,20260128-133725_baseline_write_inj_seed537665,baseline_write_inj,2,1
6,30.0,35.0,170,34.0,72,98,0,6,0.2764705882352941,0.0,1,0.0,0,0.0,0.0,0.0,59.38823529411765,6.806733893548206,20260128-133725_baseline_write_inj_seed537665,baseline_write_inj,2,1
7,35.0,40.0,162,32.4,68,94,0,6,0.2839506172839506,0.0,1,0.0,0,0.0,0.0,0.0,59.45679012345679,6.850339061115735,20260128-133725_baseline_write_inj_seed537665,baseline_write_inj,2,1
8,40.0,45.0,172,34.4,74,98,0,6,0.2674418604651162,0.0,1,0.0,0,0.0,0.0,0.0,59.343023255813954,6.780084390942075,20260128-133725_baseline_write_inj_seed537665,baseline_write_inj,2,1
9,45.0,50.0,158,31.6,66,92,0,6,0.2911392405063291,0.0,1,0.0,0,0.0,0.0,0.0,59.550632911392405,6.910409931560363,20260128-133725_baseline_write_inj_seed537665,baseline_write_inj,2,1
10,50.0,55.0,160,32.0,68,92,0,6,0.2875,0.0,1,0.0,0,0.0,0.0,0.0,59.6125,6.954303973080278,20260128-133725_baseline_write_inj_seed537665,baseline_write_inj,2,1
1,5.0,10.0,162,32.4,68,94,0,6,0.2901234567901234,0.0,1,0.0,0,0.0,0.0,0.0,59.5679012345679,6.922745247950646,20260128-133829_baseline_write_inj_seed453062,baseline_write_inj,2,1
2,10.0,15.0,158,31.6,66,92,0,6,0.2911392405063291,0.0,1,0.0,0,0.0,0.0,0.0,59.550632911392405,6.910409931560363,20260128-133829_baseline_write_inj_seed453062,baseline_write_inj,2,1
3,15.0,20.0,160,32.0,70,90,0,6,0.28125,0.0,1,0.0,0,0.0,0.0,0.0,59.71875,7.027776920015318,20260128-133829_baseline_write_inj_seed453062,baseline_write_inj,2,1
4,20.0,25.0,164,32.8,70,94,0,6,0.2804878048780488,0.0,1,0.0,0,0.0,0.0,0.0,59.51829268292683,6.895095960505589,20260128-133829_baseline_write_inj_seed453062,baseline_write_inj,2,1
5,25.0,30.0,160,32.0,68,92,0,6,0.2875,0.0,1,0.0,0,0.0,0.0,0.0,59.6125,6.954303973080278,20260128-133829_baseline_write_inj_seed453062,baseline_write_inj,2,1
6,30.0,35.0,160,32.0,68,92,0,6,0.2875,0.0,1,0.0,0,0.0,0.0,0.0,59.6125,6.954303973080278,20260128-133829_baseline_write_inj_seed453062,baseline_write_inj,2,1
7,35.0,40.0,166,33.2,72,94,0,6,0.2771084337349397,0.0,1,0.0,0,0.0,0.0,0.0,59.57831325301205,6.9379704020313415,20260128-133829_baseline_write_inj_seed453062,baseline_write_inj,2,1
8,40.0,45.0,158,31.6,66,92,0,6,0.2911392405063291,0.0,1,0.0,0,0.0,0.0,0.0,59.550632911392405,6.910409931560363,20260128-133829_baseline_write_inj_seed453062,baseline_write_inj,2,1
9,45.0,50.0,164,32.8,70,94,0,6,0.2804878048780488,0.0,1,0.0,0,0.0,0.0,0.0,59.51829268292683,6.89509596050559,20260128-133829_baseline_write_inj_seed453062,baseline_write_inj,2,1
10,50.0,55.0,162,32.4,68,94,0,6,0.2839506172839506,0.0,1,0.0,0,0.0,0.0,0.0,59.45679012345679,6.850339061115735,20260128-133829_baseline_write_inj_seed453062,baseline_write_inj,2,1
1,5.0,10.0,166,33.2,70,96,0,6,0.2771084337349397,0.0,1,0.0,0,0.0,0.0,0.0,59.36746987951807,6.791465381802762,20260128-133934_baseline_write_inj_seed902109,baseline_write_inj,2,1
2,10.0,15.0,162,32.4,68,94,0,6,0.2839506172839506,0.0,1,0.0,0,0.0,0.0,0.0,59.45679012345679,6.850339061115735,20260128-133934_baseline_write_inj_seed902109,baseline_write_inj,2,1
3,15.0,20.0,170,34.0,74,96,0,6,0.2705882352941176,0.0,1,0.0,0,0.0,0.0,0.0,59.48823529411764,6.880696130389302,20260128-133934_baseline_write_inj_seed902109,baseline_write_inj,2,1
4,20.0,25.0,168,33.6,72,96,0,6,0.2738095238095238,0.0,1,0.0,0,0.0,0.0,0.0,59.42857142857143,6.837024057233069,20260128-133934_baseline_write_inj_seed902109,baseline_write_inj,2,1
5,25.0,30.0,160,32.0,68,92,0,6,0.2875,0.0,1,0.0,0,0.0,0.0,0.0,59.6125,6.954303973080278,20260128-133934_baseline_write_inj_seed902109,baseline_write_inj,2,1
6,30.0,35.0,164,32.8,70,94,0,6,0.2804878048780488,0.0,1,0.0,0,0.0,0.0,0.0,59.51829268292683,6.89509596050559,20260128-133934_baseline_write_inj_seed902109,baseline_write_inj,2,1
7,35.0,40.0,162,32.4,70,92,0,6,0.2839506172839506,0.0,1,0.0,0,0.0,0.0,0.0,59.67283950617284,6.996322002797922,20260128-133934_baseline_write_inj_seed902109,baseline_write_inj,2,1
8,40.0,45.0,160,32.0,68,92,0,6,0.28125,0.0,1,0.0,0,0.0,0.0,0.0,59.5,6.882041848172677,20260128-133934_baseline_write_inj_seed902109,baseline_write_inj,2,1
9,45.0,50.0,156,31.2,64,92,0,6,0.2948717948717949,0.0,1,0.0,0,0.0,0.0,0.0,59.48717948717949,6.864519685035944,20260128-133934_baseline_write_inj_seed902109,baseline_write_inj,2,1
10,50.0,55.0,166,33.2,70,96,0,6,0.2771084337349397,0.0,1,0.0,0,0.0,0.0,0.0,59.36746987951807,6.791465381802762,20260128-133934_baseline_write_inj_seed902109,baseline_write_inj,2,1
11,55.0,60.0,164,32.8,70,94,0,6,0.2804878048780488,0.0,1,0.0,0,0.0,0.0,0.0,59.51829268292683,6.895095960505589,20260128-133934_baseline_write_inj_seed902109,baseline_write_inj,2,1
1,5.0,10.0,162,32.4,70,92,0,6,0.2839506172839506,0.0,1,0.0,0,0.0,0.0,0.0,59.67283950617284,6.996322002797922,20260128-134039_baseline_write_inj_seed623895,baseline_write_inj,2,1
2,10.0,15.0,156,31.2,64,92,0,6,0.2948717948717949,0.0,1,0.0,0,0.0,0.0,0.0,59.48717948717949,6.864519685035944,20260128-134039_baseline_write_inj_seed623895,baseline_write_inj,2,1
3,15.0,20.0,166,33.2,72,94,0,6,0.2771084337349397,0.0,1,0.0,0,0.0,0.0,0.0,59.57831325301205,6.9379704020313415,20260128-134039_baseline_write_inj_seed623895,baseline_write_inj,2,1
4,20.0,25.0,166,33.2,72,94,0,6,0.2771084337349397,0.0,1,0.0,0,0.0,0.0,0.0,59.57831325301205,6.9379704020313415,20260128-134039_baseline_write_inj_seed623895,baseline_write_inj,2,1
5,25.0,30.0,162,32.4,70,92,0,6,0.2777777777777778,0.0,1,0.0,0,0.0,0.0,0.0,59.56172839506173,6.926368793745505,20260128-134039_baseline_write_inj_seed623895,baseline_write_inj,2,1
6,30.0,35.0,158,31.6,66,92,0,6,0.2911392405063291,0.0,1,0.0,0,0.0,0.0,0.0,59.550632911392405,6.910409931560363,20260128-134039_baseline_write_inj_seed623895,baseline_write_inj,2,1
7,35.0,40.0,164,32.8,70,94,0,6,0.2804878048780488,0.0,1,0.0,0,0.0,0.0,0.0,59.51829268292683,6.895095960505589,20260128-134039_baseline_write_inj_seed623895,baseline_write_inj,2,1
8,40.0,45.0,168,33.6,72,96,0,6,0.2738095238095238,0.0,1,0.0,0,0.0,0.0,0.0,59.42857142857143,6.837024057233069,20260128-134039_baseline_write_inj_seed623895,baseline_write_inj,2,1
9,45.0,50.0,158,31.6,66,92,0,6,0.2911392405063291,0.0,1,0.0,0,0.0,0.0,0.0,59.550632911392405,6.910409931560363,20260128-134039_baseline_write_inj_seed623895,baseline_write_inj,2,1
10,50.0,55.0,164,32.8,70,94,0,6,0.2804878048780488,0.0,1,0.0,0,0.0,0.0,0.0,59.51829268292683,6.89509596050559,20260128-134039_baseline_write_inj_seed623895,baseline_write_inj,2,1
1,5.0,10.0,164,32.8,70,94,0,6,0.2804878048780488,0.0,1,0.0,0,0.0,0.0,0.0,59.51829268292683,6.89509596050559,20260128-134143_baseline_write_inj_seed782037,baseline_write_inj,2,1
2,10.0,15.0,162,32.4,70,92,0,6,0.2839506172839506,0.0,1,0.0,0,0.0,0.0,0.0,59.67283950617284,6.996322002797922,20260128-134143_baseline_write_inj_seed782037,baseline_write_inj,2,1
3,15.0,20.0,160,32.0,66,94,0,6,0.2875,0.0,1,0.0,0,0.0,0.0,0.0,59.39375,6.803580743806896,20260128-134143_baseline_write_inj_seed782037,baseline_write_inj,2,1
4,20.0,25.0,160,32.0,66,94,0,6,0.2875,0.0,1,0.0,0,0.0,0.0,0.0,59.39375,6.803580743806896,20260128-134143_baseline_write_inj_seed782037,baseline_write_inj,2,1
5,25.0,30.0,160,32.0,68,92,0,6,0.2875,0.0,1,0.0,0,0.0,0.0,0.0,59.6125,6.954303973080278,20260128-134143_baseline_write_inj_seed782037,baseline_write_inj,2,1
6,30.0,35.0,162,32.4,70,92,0,6,0.2777777777777778,0.0,1,0.0,0,0.0,0.0,0.0,59.56172839506173,6.926368793745505,20260128-134143_baseline_write_inj_seed782037,baseline_write_inj,2,1
7,35.0,40.0,162,32.4,68,94,0,6,0.2839506172839506,0.0,1,0.0,0,0.0,0.0,0.0,59.45679012345679,6.850339061115735,20260128-134143_baseline_write_inj_seed782037,baseline_write_inj,2,1
8,40.0,45.0,170,34.0,74,96,0,6,0.2705882352941176,0.0,1,0.0,0,0.0,0.0,0.0,59.48823529411764,6.880696130389302,20260128-134143_baseline_write_inj_seed782037,baseline_write_inj,2,1
9,45.0,50.0,158,31.6,66,92,0,6,0.2911392405063291,0.0,1,0.0,0,0.0,0.0,0.0,59.550632911392405,6.910409931560363,20260128-134143_baseline_write_inj_seed782037,baseline_write_inj,2,1
10,50.0,55.0,168,33.6,72,96,0,6,0.2738095238095238,0.0,1,0.0,0,0.0,0.0,0.0,59.42857142857143,6.837024057233069,20260128-134143_baseline_write_inj_seed782037,baseline_write_inj,2,1
11,55.0,60.0,164,32.8,70,94,0,6,0.2804878048780488,0.0,1,0.0,0,0.0,0.0,0.0,59.51829268292683,6.89509596050559,20260128-134143_baseline_write_inj_seed782037,baseline_write_inj,2,1
1,5.0,10.0,140,28.0,140,0,0,8,0.1785714285714285,0.0,0,0.0,0,0.0,0.0,0.0,64.5,8.5,20260128-134440_baseline_proxy_spoof_seed451733,baseline_proxy_spoof,3,1
2,10.0,15.0,144,28.8,140,4,0,8,0.1736111111111111,0.0,1,0.0,0,0.0,0.0,0.0,64.01388888888889,8.500805608155865,20260128-134440_baseline_proxy_spoof_seed451733,baseline_proxy_spoof,3,1
3,15.0,20.0,148,29.6,144,4,0,8,0.1689189189189189,0.0,1,0.0,0,0.0,0.0,0.0,64.02702702702703,8.501149322890425,20260128-134440_baseline_proxy_spoof_seed451733,baseline_proxy_spoof,3,1
4,20.0,25.0,136,27.2,136,0,0,8,0.1764705882352941,0.0,0,0.0,0,0.0,0.0,0.0,64.5,8.5,20260128-134440_baseline_proxy_spoof_seed451733,baseline_proxy_spoof,3,1
5,25.0,30.0,132,26.4,132,0,0,8,0.1742424242424242,0.0,0,0.0,0,0.0,0.0,0.0,64.5,8.5,20260128-134440_baseline_proxy_spoof_seed451733,baseline_proxy_spoof,3,1
6,30.0,35.0,144,28.8,140,4,0,8,0.1666666666666666,0.0,1,0.0,0,0.0,0.0,0.0,64.01388888888889,8.500805608155865,20260128-134440_baseline_proxy_spoof_seed451733,baseline_proxy_spoof,3,1
7,35.0,40.0,148,29.6,140,8,0,8,0.1554054054054054,0.0,1,0.0,0,0.0,0.0,0.0,63.554054054054056,8.475946717260255,20260128-134440_baseline_proxy_spoof_seed451733,baseline_proxy_spoof,3,1
8,40.0,45.0,132,26.4,132,0,0,8,0.1742424242424242,0.0,0,0.0,0,0.0,0.0,0.0,64.5,8.5,20260128-134440_baseline_proxy_spoof_seed451733,baseline_proxy_spoof,3,1
9,45.0,50.0,148,29.6,144,4,0,8,0.1689189189189189,0.0,1,0.0,0,0.0,0.0,0.0,64.02702702702703,8.501149322890425,20260128-134440_baseline_proxy_spoof_seed451733,baseline_proxy_spoof,3,1
10,50.0,55.0,132,26.4,132,0,0,8,0.1742424242424242,0.0,0,0.0,0,0.0,0.0,0.0,64.5,8.5,20260128-134440_baseline_proxy_spoof_seed451733,baseline_proxy_spoof,3,1
1,5.0,10.0,140,28.0,136,4,0,8,0.1642857142857142,0.0,1,0.0,0,0.0,0.0,0.0,64.0,8.500420157682964,20260128-134545_baseline_proxy_spoof_seed32604,baseline_proxy_spoof,3,1
2,10.0,15.0,140,28.0,140,0,0,8,0.1785714285714285,0.0,0,0.0,0,0.0,0.0,0.0,64.5,8.5,20260128-134545_baseline_proxy_spoof_seed32604,baseline_proxy_spoof,3,1
3,15.0,20.0,144,28.8,140,4,0,8,0.1736111111111111,0.0,1,0.0,0,0.0,0.0,0.0,64.01388888888889,8.500805608155865,20260128-134545_baseline_proxy_spoof_seed32604,baseline_proxy_spoof,3,1
4,20.0,25.0,136,27.2,136,0,0,8,0.1764705882352941,0.0,0,0.0,0,0.0,0.0,0.0,64.5,8.5,20260128-134545_baseline_proxy_spoof_seed32604,baseline_proxy_spoof,3,1
5,25.0,30.0,144,28.8,140,4,0,8,0.1666666666666666,0.0,1,0.0,0,0.0,0.0,0.0,64.01388888888889,8.500805608155865,20260128-134545_baseline_proxy_spoof_seed32604,baseline_proxy_spoof,3,1
6,30.0,35.0,152,30.4,144,8,0,8,0.1578947368421052,0.0,1,0.0,0,0.0,0.0,0.0,63.578947368421055,8.47793290020555,20260128-134545_baseline_proxy_spoof_seed32604,baseline_proxy_spoof,3,1
7,35.0,40.0,140,28.0,140,0,0,8,0.1785714285714285,0.0,0,0.0,0,0.0,0.0,0.0,64.5,8.5,20260128-134545_baseline_proxy_spoof_seed32604,baseline_proxy_spoof,3,1
8,40.0,45.0,160,32.0,148,12,0,8,0.15,0.0,1,0.0,0,0.0,0.0,0.0,63.1875,8.43814812325548,20260128-134545_baseline_proxy_spoof_seed32604,baseline_proxy_spoof,3,1
9,45.0,50.0,136,27.2,132,4,0,8,0.1691176470588235,0.0,1,0.0,0,0.0,0.0,0.0,63.98529411764706,8.499987278638958,20260128-134545_baseline_proxy_spoof_seed32604,baseline_proxy_spoof,3,1
10,50.0,55.0,144,28.8,140,4,0,8,0.1666666666666666,0.0,1,0.0,0,0.0,0.0,0.0,64.01388888888889,8.500805608155865,20260128-134545_baseline_proxy_spoof_seed32604,baseline_proxy_spoof,3,1
1,5.0,10.0,152,30.4,144,8,0,8,0.1578947368421052,0.0,1,0.0,0,0.0,0.0,0.0,63.578947368421055,8.47793290020555,20260128-134651_baseline_proxy_spoof_seed211158,baseline_proxy_spoof,3,1
2,10.0,15.0,140,28.0,140,0,0,8,0.1857142857142857,0.0,0,0.0,0,0.0,0.0,0.0,64.5,8.5,20260128-134651_baseline_proxy_spoof_seed211158,baseline_proxy_spoof,3,1
3,15.0,20.0,144,28.8,140,4,0,8,0.1666666666666666,0.0,1,0.0,0,0.0,0.0,0.0,64.01388888888889,8.500805608155865,20260128-134651_baseline_proxy_spoof_seed211158,baseline_proxy_spoof,3,1
4,20.0,25.0,144,28.8,140,4,0,8,0.1666666666666666,0.0,1,0.0,0,0.0,0.0,0.0,64.01388888888889,8.500805608155865,20260128-134651_baseline_proxy_spoof_seed211158,baseline_proxy_spoof,3,1
5,25.0,30.0,148,29.6,144,4,0,8,0.1689189189189189,0.0,1,0.0,0,0.0,0.0,0.0,64.02702702702703,8.501149322890425,20260128-134651_baseline_proxy_spoof_seed211158,baseline_proxy_spoof,3,1
6,30.0,35.0,140,28.0,136,4,0,8,0.1714285714285714,0.0,1,0.0,0,0.0,0.0,0.0,64.0,8.500420157682964,20260128-134651_baseline_proxy_spoof_seed211158,baseline_proxy_spoof,3,1
7,35.0,40.0,144,28.8,140,4,0,8,0.1666666666666666,0.0,1,0.0,0,0.0,0.0,0.0,64.01388888888889,8.500805608155865,20260128-134651_baseline_proxy_spoof_seed211158,baseline_proxy_spoof,3,1
8,40.0,45.0,140,28.0,140,0,0,8,0.1785714285714285,0.0,0,0.0,0,0.0,0.0,0.0,64.5,8.5,20260128-134651_baseline_proxy_spoof_seed211158,baseline_proxy_spoof,3,1
9,45.0,50.0,136,27.2,136,0,0,8,0.1764705882352941,0.0,0,0.0,0,0.0,0.0,0.0,64.5,8.5,20260128-134651_baseline_proxy_spoof_seed211158,baseline_proxy_spoof,3,1
10,50.0,55.0,128,25.6,128,0,0,8,0.1796875,0.0,0,0.0,0,0.0,0.0,0.0,64.5,8.5,20260128-134651_baseline_proxy_spoof_seed211158,baseline_proxy_spoof,3,1
1,5.0,10.0,136,27.2,136,0,0,8,0.1764705882352941,0.0,0,0.0,0,0.0,0.0,0.0,64.5,8.5,20260128-134756_baseline_proxy_spoof_seed206048,baseline_proxy_spoof,3,1
2,10.0,15.0,152,30.4,144,8,0,8,0.1578947368421052,0.0,1,0.0,0,0.0,0.0,0.0,63.578947368421055,8.477932900205548,20260128-134756_baseline_proxy_spoof_seed206048,baseline_proxy_spoof,3,1
3,15.0,20.0,152,30.4,144,8,0,8,0.1578947368421052,0.0,1,0.0,0,0.0,0.0,0.0,63.578947368421055,8.47793290020555,20260128-134756_baseline_proxy_spoof_seed206048,baseline_proxy_spoof,3,1
4,20.0,25.0,136,27.2,132,4,0,8,0.1691176470588235,0.0,1,0.0,0,0.0,0.0,0.0,63.98529411764706,8.499987278638958,20260128-134756_baseline_proxy_spoof_seed206048,baseline_proxy_spoof,3,1
5,25.0,30.0,136,27.2,136,0,0,8,0.1764705882352941,0.0,0,0.0,0,0.0,0.0,0.0,64.5,8.5,20260128-134756_baseline_proxy_spoof_seed206048,baseline_proxy_spoof,3,1
6,30.0,35.0,140,28.0,136,4,0,8,0.1642857142857142,0.0,1,0.0,0,0.0,0.0,0.0,64.0,8.500420157682964,20260128-134756_baseline_proxy_spoof_seed206048,baseline_proxy_spoof,3,1
7,35.0,40.0,148,29.6,144,4,0,8,0.1689189189189189,0.0,1,0.0,0,0.0,0.0,0.0,64.02702702702703,8.501149322890425,20260128-134756_baseline_proxy_spoof_seed206048,baseline_proxy_spoof,3,1
8,40.0,45.0,128,25.6,128,0,0,8,0.1796875,0.0,0,0.0,0,0.0,0.0,0.0,64.5,8.5,20260128-134756_baseline_proxy_spoof_seed206048,baseline_proxy_spoof,3,1
9,45.0,50.0,144,28.8,140,4,0,8,0.1666666666666666,0.0,1,0.0,0,0.0,0.0,0.0,64.01388888888889,8.500805608155865,20260128-134756_baseline_proxy_spoof_seed206048,baseline_proxy_spoof,3,1
10,50.0,55.0,132,26.4,132,0,0,8,0.1742424242424242,0.0,0,0.0,0,0.0,0.0,0.0,64.5,8.5,20260128-134756_baseline_proxy_spoof_seed206048,baseline_proxy_spoof,3,1
1,5.0,10.0,140,28.0,140,0,0,8,0.1714285714285714,0.0,0,0.0,0,0.0,0.0,0.0,64.5,8.5,20260128-134901_baseline_proxy_spoof_seed598856,baseline_proxy_spoof,3,1
2,10.0,15.0,140,28.0,136,4,0,8,0.1714285714285714,0.0,1,0.0,0,0.0,0.0,0.0,64.0,8.500420157682964,20260128-134901_baseline_proxy_spoof_seed598856,baseline_proxy_spoof,3,1
3,15.0,20.0,136,27.2,136,0,0,8,0.1764705882352941,0.0,0,0.0,0,0.0,0.0,0.0,64.5,8.5,20260128-134901_baseline_proxy_spoof_seed598856,baseline_proxy_spoof,3,1
4,20.0,25.0,140,28.0,136,4,0,8,0.1714285714285714,0.0,1,0.0,0,0.0,0.0,0.0,64.0,8.500420157682964,20260128-134901_baseline_proxy_spoof_seed598856,baseline_proxy_spoof,3,1
5,25.0,30.0,148,29.6,144,4,0,8,0.1689189189189189,0.0,1,0.0,0,0.0,0.0,0.0,64.02702702702703,8.501149322890425,20260128-134901_baseline_proxy_spoof_seed598856,baseline_proxy_spoof,3,1
6,30.0,35.0,148,29.6,144,4,0,8,0.1689189189189189,0.0,1,0.0,0,0.0,0.0,0.0,64.02702702702703,8.501149322890425,20260128-134901_baseline_proxy_spoof_seed598856,baseline_proxy_spoof,3,1
7,35.0,40.0,140,28.0,140,0,0,8,0.1857142857142857,0.0,0,0.0,0,0.0,0.0,0.0,64.5,8.5,20260128-134901_baseline_proxy_spoof_seed598856,baseline_proxy_spoof,3,1
8,40.0,45.0,140,28.0,136,4,0,8,0.1642857142857142,0.0,1,0.0,0,0.0,0.0,0.0,64.0,8.500420157682964,20260128-134901_baseline_proxy_spoof_seed598856,baseline_proxy_spoof,3,1
9,45.0,50.0,148,29.6,144,4,0,8,0.1689189189189189,0.0,1,0.0,0,0.0,0.0,0.0,64.02702702702703,8.501149322890425,20260128-134901_baseline_proxy_spoof_seed598856,baseline_proxy_spoof,3,1
10,50.0,55.0,140,28.0,136,4,0,8,0.1642857142857142,0.0,1,0.0,0,0.0,0.0,0.0,64.0,8.500420157682964,20260128-134901_baseline_proxy_spoof_seed598856,baseline_proxy_spoof,3,1
1,5.0,10.0,136,27.2,136,0,0,8,0.1838235294117647,0.0,0,0.0,0,0.0,0.0,0.0,64.5,8.5,20260128-135006_baseline_proxy_spoof_seed864787,baseline_proxy_spoof,3,1
2,10.0,15.0,156,31.2,148,8,0,8,0.1602564102564102,0.0,1,0.0,0,0.0,0.0,0.0,63.6025641025641,8.47974924579328,20260128-135006_baseline_proxy_spoof_seed864787,baseline_proxy_spoof,3,1
3,15.0,20.0,148,29.6,144,4,0,8,0.1689189189189189,0.0,1,0.0,0,0.0,0.0,0.0,64.02702702702703,8.501149322890424,20260128-135006_baseline_proxy_spoof_seed864787,baseline_proxy_spoof,3,1
4,20.0,25.0,132,26.4,132,0,0,8,0.1818181818181818,0.0,0,0.0,0,0.0,0.0,0.0,64.5,8.5,20260128-135006_baseline_proxy_spoof_seed864787,baseline_proxy_spoof,3,1
5,25.0,30.0,152,30.4,148,4,0,8,0.1644736842105263,0.0,1,0.0,0,0.0,0.0,0.0,64.03947368421052,8.501456205717261,20260128-135006_baseline_proxy_spoof_seed864787,baseline_proxy_spoof,3,1
6,30.0,35.0,152,30.4,144,8,0,8,0.1578947368421052,0.0,1,0.0,0,0.0,0.0,0.0,63.578947368421055,8.47793290020555,20260128-135006_baseline_proxy_spoof_seed864787,baseline_proxy_spoof,3,1
7,35.0,40.0,136,27.2,132,4,0,8,0.1691176470588235,0.0,1,0.0,0,0.0,0.0,0.0,63.98529411764706,8.499987278638958,20260128-135006_baseline_proxy_spoof_seed864787,baseline_proxy_spoof,3,1
8,40.0,45.0,136,27.2,136,0,0,8,0.1764705882352941,0.0,0,0.0,0,0.0,0.0,0.0,64.5,8.5,20260128-135006_baseline_proxy_spoof_seed864787,baseline_proxy_spoof,3,1
9,45.0,50.0,140,28.0,140,0,0,8,0.1785714285714285,0.0,0,0.0,0,0.0,0.0,0.0,64.5,8.5,20260128-135006_baseline_proxy_spoof_seed864787,baseline_proxy_spoof,3,1
10,50.0,55.0,152,30.4,144,8,0,8,0.1578947368421052,0.0,1,0.0,0,0.0,0.0,0.0,63.578947368421055,8.477932900205552,20260128-135006_baseline_proxy_spoof_seed864787,baseline_proxy_spoof,3,1
1,5.0,10.0,152,30.4,144,8,0,8,0.1578947368421052,0.0,1,0.0,0,0.0,0.0,0.0,63.578947368421055,8.477932900205552,20260128-135112_baseline_proxy_spoof_seed438178,baseline_proxy_spoof,3,1
2,10.0,15.0,148,29.6,144,4,0,8,0.1621621621621621,0.0,1,0.0,0,0.0,0.0,0.0,64.02702702702703,8.501149322890425,20260128-135112_baseline_proxy_spoof_seed438178,baseline_proxy_spoof,3,1
3,15.0,20.0,140,28.0,136,4,0,8,0.1714285714285714,0.0,1,0.0,0,0.0,0.0,0.0,64.0,8.500420157682964,20260128-135112_baseline_proxy_spoof_seed438178,baseline_proxy_spoof,3,1
4,20.0,25.0,136,27.2,136,0,0,8,0.1764705882352941,0.0,0,0.0,0,0.0,0.0,0.0,64.5,8.5,20260128-135112_baseline_proxy_spoof_seed438178,baseline_proxy_spoof,3,1
5,25.0,30.0,140,28.0,136,4,0,8,0.1642857142857142,0.0,1,0.0,0,0.0,0.0,0.0,64.0,8.500420157682964,20260128-135112_baseline_proxy_spoof_seed438178,baseline_proxy_spoof,3,1
6,30.0,35.0,152,30.4,144,8,0,8,0.1578947368421052,0.0,1,0.0,0,0.0,0.0,0.0,63.578947368421055,8.477932900205547,20260128-135112_baseline_proxy_spoof_seed438178,baseline_proxy_spoof,3,1
7,35.0,40.0,136,27.2,136,0,0,8,0.1838235294117647,0.0,0,0.0,0,0.0,0.0,0.0,64.5,8.5,20260128-135112_baseline_proxy_spoof_seed438178,baseline_proxy_spoof,3,1
8,40.0,45.0,148,29.6,144,4,0,8,0.1621621621621621,0.0,1,0.0,0,0.0,0.0,0.0,64.02702702702703,8.501149322890425,20260128-135112_baseline_proxy_spoof_seed438178,baseline_proxy_spoof,3,1
9,45.0,50.0,140,28.0,136,4,0,8,0.1714285714285714,0.0,1,0.0,0,0.0,0.0,0.0,64.0,8.500420157682964,20260128-135112_baseline_proxy_spoof_seed438178,baseline_proxy_spoof,3,1
10,50.0,55.0,136,27.2,136,0,0,8,0.1764705882352941,0.0,0,0.0,0,0.0,0.0,0.0,64.5,8.5,20260128-135112_baseline_proxy_spoof_seed438178,baseline_proxy_spoof,3,1
11,55.0,60.0,156,31.2,144,12,0,8,0.1474358974358974,0.0,1,0.0,0,0.0,0.0,0.0,63.15384615384615,8.43387085001857,20260128-135112_baseline_proxy_spoof_seed438178,baseline_proxy_spoof,3,1
1,5.0,10.0,152,30.4,144,8,0,8,0.1578947368421052,0.0,1,0.0,0,0.0,0.0,0.0,63.578947368421055,8.47793290020555,20260128-135217_baseline_proxy_spoof_seed425445,baseline_proxy_spoof,3,1
2,10.0,15.0,140,28.0,140,0,0,8,0.1785714285714285,0.0,0,0.0,0,0.0,0.0,0.0,64.5,8.5,20260128-135217_baseline_proxy_spoof_seed425445,baseline_proxy_spoof,3,1
3,15.0,20.0,164,32.8,152,12,0,8,0.1463414634146341,0.0,1,0.0,0,0.0,0.0,0.0,63.21951219512195,8.442090236838533,20260128-135217_baseline_proxy_spoof_seed425445,baseline_proxy_spoof,3,1
4,20.0,25.0,164,32.8,148,16,0,8,0.1463414634146341,0.0,1,0.0,0,0.0,0.0,0.0,62.79268292682927,8.379326774398255,20260128-135217_baseline_proxy_spoof_seed425445,baseline_proxy_spoof,3,1
5,25.0,30.0,144,28.8,140,4,0,8,0.1666666666666666,0.0,1,0.0,0,0.0,0.0,0.0,64.01388888888889,8.500805608155865,20260128-135217_baseline_proxy_spoof_seed425445,baseline_proxy_spoof,3,1
6,30.0,35.0,144,28.8,140,4,0,8,0.1666666666666666,0.0,1,0.0,0,0.0,0.0,0.0,64.01388888888889,8.500805608155865,20260128-135217_baseline_proxy_spoof_seed425445,baseline_proxy_spoof,3,1
7,35.0,40.0,152,30.4,144,8,0,8,0.1578947368421052,0.0,1,0.0,0,0.0,0.0,0.0,63.578947368421055,8.477932900205548,20260128-135217_baseline_proxy_spoof_seed425445,baseline_proxy_spoof,3,1
8,40.0,45.0,164,32.8,152,12,0,8,0.1524390243902439,0.0,1,0.0,0,0.0,0.0,0.0,63.21951219512195,8.442090236838535,20260128-135217_baseline_proxy_spoof_seed425445,baseline_proxy_spoof,3,1
9,45.0,50.0,132,26.4,132,0,0,8,0.1818181818181818,0.0,0,0.0,0,0.0,0.0,0.0,64.5,8.5,20260128-135217_baseline_proxy_spoof_seed425445,baseline_proxy_spoof,3,1
10,50.0,55.0,136,27.2,136,0,0,8,0.1764705882352941,0.0,0,0.0,0,0.0,0.0,0.0,64.5,8.5,20260128-135217_baseline_proxy_spoof_seed425445,baseline_proxy_spoof,3,1
1,5.0,10.0,144,28.8,140,4,0,8,0.1666666666666666,0.0,1,0.0,0,0.0,0.0,0.0,64.01388888888889,8.500805608155865,20260128-135322_baseline_proxy_spoof_seed779955,baseline_proxy_spoof,3,1
2,10.0,15.0,136,27.2,132,4,0,8,0.1691176470588235,0.0,1,0.0,0,0.0,0.0,0.0,63.98529411764706,8.499987278638958,20260128-135322_baseline_proxy_spoof_seed779955,baseline_proxy_spoof,3,1
3,15.0,20.0,140,28.0,140,0,0,8,0.1785714285714285,0.0,0,0.0,0,0.0,0.0,0.0,64.5,8.5,20260128-135322_baseline_proxy_spoof_seed779955,baseline_proxy_spoof,3,1
4,20.0,25.0,136,27.2,132,4,0,8,0.1691176470588235,0.0,1,0.0,0,0.0,0.0,0.0,63.98529411764706,8.499987278638958,20260128-135322_baseline_proxy_spoof_seed779955,baseline_proxy_spoof,3,1
5,25.0,30.0,140,28.0,140,0,0,8,0.1785714285714285,0.0,0,0.0,0,0.0,0.0,0.0,64.5,8.5,20260128-135322_baseline_proxy_spoof_seed779955,baseline_proxy_spoof,3,1
6,30.0,35.0,156,31.2,148,8,0,8,0.1538461538461538,0.0,1,0.0,0,0.0,0.0,0.0,63.6025641025641,8.47974924579328,20260128-135322_baseline_proxy_spoof_seed779955,baseline_proxy_spoof,3,1
7,35.0,40.0,152,30.4,144,8,0,8,0.1578947368421052,0.0,1,0.0,0,0.0,0.0,0.0,63.578947368421055,8.47793290020555,20260128-135322_baseline_proxy_spoof_seed779955,baseline_proxy_spoof,3,1
8,40.0,45.0,140,28.0,136,4,0,8,0.1714285714285714,0.0,1,0.0,0,0.0,0.0,0.0,64.0,8.500420157682964,20260128-135322_baseline_proxy_spoof_seed779955,baseline_proxy_spoof,3,1
9,45.0,50.0,148,29.6,144,4,0,8,0.1689189189189189,0.0,1,0.0,0,0.0,0.0,0.0,64.02702702702703,8.501149322890424,20260128-135322_baseline_proxy_spoof_seed779955,baseline_proxy_spoof,3,1
10,50.0,55.0,152,30.4,144,8,0,8,0.1578947368421052,0.0,1,0.0,0,0.0,0.0,0.0,63.578947368421055,8.47793290020555,20260128-135322_baseline_proxy_spoof_seed779955,baseline_proxy_spoof,3,1
11,55.0,60.0,144,28.8,136,8,0,8,0.1597222222222222,0.0,1,0.0,0,0.0,0.0,0.0,63.52777777777778,8.473770350358642,20260128-135322_baseline_proxy_spoof_seed779955,baseline_proxy_spoof,3,1
1,5.0,10.0,148,29.6,144,4,0,8,0.1689189189189189,0.0,1,0.0,0,0.0,0.0,0.0,64.02702702702703,8.501149322890424,20260128-135427_baseline_proxy_spoof_seed705250,baseline_proxy_spoof,3,1
2,10.0,15.0,156,31.2,148,8,0,8,0.1602564102564102,0.0,1,0.0,0,0.0,0.0,0.0,63.6025641025641,8.479749245793279,20260128-135427_baseline_proxy_spoof_seed705250,baseline_proxy_spoof,3,1
3,15.0,20.0,136,27.2,136,0,0,8,0.1764705882352941,0.0,0,0.0,0,0.0,0.0,0.0,64.5,8.5,20260128-135427_baseline_proxy_spoof_seed705250,baseline_proxy_spoof,3,1
4,20.0,25.0,144,28.8,140,4,0,8,0.1666666666666666,0.0,1,0.0,0,0.0,0.0,0.0,64.01388888888889,8.500805608155865,20260128-135427_baseline_proxy_spoof_seed705250,baseline_proxy_spoof,3,1
5,25.0,30.0,156,31.2,148,8,0,8,0.1602564102564102,0.0,1,0.0,0,0.0,0.0,0.0,63.833333333333336,8.487421562896753,20260128-135427_baseline_proxy_spoof_seed705250,baseline_proxy_spoof,3,1
6,30.0,35.0,144,28.8,140,4,0,8,0.1666666666666666,0.0,1,0.0,0,0.0,0.0,0.0,63.763888888888886,8.497537315722642,20260128-135427_baseline_proxy_spoof_seed705250,baseline_proxy_spoof,3,1
7,35.0,40.0,156,31.2,148,8,0,8,0.1538461538461538,0.0,1,0.0,0,0.0,0.0,0.0,63.6025641025641,8.47974924579328,20260128-135427_baseline_proxy_spoof_seed705250,baseline_proxy_spoof,3,1
8,40.0,45.0,140,28.0,136,4,0,8,0.1642857142857142,0.0,1,0.0,0,0.0,0.0,0.0,64.0,8.500420157682964,20260128-135427_baseline_proxy_spoof_seed705250,baseline_proxy_spoof,3,1
9,45.0,50.0,136,27.2,136,0,0,8,0.1764705882352941,0.0,0,0.0,0,0.0,0.0,0.0,64.5,8.5,20260128-135427_baseline_proxy_spoof_seed705250,baseline_proxy_spoof,3,1
10,50.0,55.0,152,30.4,144,8,0,8,0.1578947368421052,0.0,1,0.0,0,0.0,0.0,0.0,63.578947368421055,8.477932900205548,20260128-135427_baseline_proxy_spoof_seed705250,baseline_proxy_spoof,3,1
1,5.0,10.0,136,27.2,136,0,0,8,0.1764705882352941,0.0,0,0.0,0,0.0,0.0,0.0,64.5,8.5,20260128-150946_baseline_proxy_spoof_seed340180,baseline_proxy_spoof,3,1
2,10.0,15.0,148,29.6,144,4,0,8,0.1689189189189189,0.0,1,0.0,0,0.0,0.0,0.0,64.02702702702703,8.501149322890425,20260128-150946_baseline_proxy_spoof_seed340180,baseline_proxy_spoof,3,1
3,15.0,20.0,136,27.2,136,0,0,8,0.1764705882352941,0.0,0,0.0,0,0.0,0.0,0.0,64.5,8.5,20260128-150946_baseline_proxy_spoof_seed340180,baseline_proxy_spoof,3,1
4,20.0,25.0,140,28.0,140,0,0,8,0.1785714285714285,0.0,0,0.0,0,0.0,0.0,0.0,64.5,8.5,20260128-150946_baseline_proxy_spoof_seed340180,baseline_proxy_spoof,3,1
5,25.0,30.0,148,29.6,144,4,0,8,0.1689189189189189,0.0,1,0.0,0,0.0,0.0,0.0,64.02702702702703,8.501149322890425,20260128-150946_baseline_proxy_spoof_seed340180,baseline_proxy_spoof,3,1
6,30.0,35.0,136,27.2,136,0,0,8,0.1764705882352941,0.0,0,0.0,0,0.0,0.0,0.0,64.5,8.5,20260128-150946_baseline_proxy_spoof_seed340180,baseline_proxy_spoof,3,1
7,35.0,40.0,140,28.0,140,0,0,8,0.1785714285714285,0.0,0,0.0,0,0.0,0.0,0.0,64.5,8.5,20260128-150946_baseline_proxy_spoof_seed340180,baseline_proxy_spoof,3,1
8,40.0,45.0,132,26.4,132,0,0,8,0.1818181818181818,0.0,0,0.0,0,0.0,0.0,0.0,64.5,8.5,20260128-150946_baseline_proxy_spoof_seed340180,baseline_proxy_spoof,3,1
9,45.0,50.0,144,28.8,140,4,0,8,0.1597222222222222,0.0,1,0.0,0,0.0,0.0,0.0,64.01388888888889,8.500805608155865,20260128-150946_baseline_proxy_spoof_seed340180,baseline_proxy_spoof,3,1
10,50.0,55.0,136,27.2,136,0,0,8,0.1764705882352941,0.0,0,0.0,0,0.0,0.0,0.0,64.5,8.5,20260128-150946_baseline_proxy_spoof_seed340180,baseline_proxy_spoof,3,1
1,5.0,10.0,144,28.8,144,0,0,8,0.1805555555555555,0.0,0,0.0,0,0.0,0.0,0.0,64.5,8.5,20260128-151051_baseline_proxy_spoof_seed544116,baseline_proxy_spoof,3,1
2,10.0,15.0,148,29.6,140,8,0,8,0.1621621621621621,0.0,1,0.0,0,0.0,0.0,0.0,63.554054054054056,8.475946717260259,20260128-151051_baseline_proxy_spoof_seed544116,baseline_proxy_spoof,3,1
3,15.0,20.0,152,30.4,144,8,0,8,0.1578947368421052,0.0,1,0.0,0,0.0,0.0,0.0,63.578947368421055,8.47793290020555,20260128-151051_baseline_proxy_spoof_seed544116,baseline_proxy_spoof,3,1
4,20.0,25.0,160,32.0,148,12,0,8,0.15,0.0,1,0.0,0,0.0,0.0,0.0,63.1875,8.43814812325548,20260128-151051_baseline_proxy_spoof_seed544116,baseline_proxy_spoof,3,1
5,25.0,30.0,152,30.4,144,8,0,8,0.1578947368421052,0.0,1,0.0,0,0.0,0.0,0.0,63.578947368421055,8.477932900205548,20260128-151051_baseline_proxy_spoof_seed544116,baseline_proxy_spoof,3,1
6,30.0,35.0,140,28.0,140,0,0,8,0.1785714285714285,0.0,0,0.0,0,0.0,0.0,0.0,64.5,8.5,20260128-151051_baseline_proxy_spoof_seed544116,baseline_proxy_spoof,3,1
7,35.0,40.0,140,28.0,140,0,0,8,0.1785714285714285,0.0,0,0.0,0,0.0,0.0,0.0,64.5,8.5,20260128-151051_baseline_proxy_spoof_seed544116,baseline_proxy_spoof,3,1
8,40.0,45.0,148,29.6,144,4,0,8,0.1689189189189189,0.0,1,0.0,0,0.0,0.0,0.0,64.02702702702703,8.501149322890424,20260128-151051_baseline_proxy_spoof_seed544116,baseline_proxy_spoof,3,1
9,45.0,50.0,140,28.0,136,4,0,8,0.1642857142857142,0.0,1,0.0,0,0.0,0.0,0.0,64.0,8.500420157682964,20260128-151051_baseline_proxy_spoof_seed544116,baseline_proxy_spoof,3,1
10,50.0,55.0,144,28.8,140,4,0,8,0.1666666666666666,0.0,1,0.0,0,0.0,0.0,0.0,64.01388888888889,8.500805608155865,20260128-151051_baseline_proxy_spoof_seed544116,baseline_proxy_spoof,3,1
1,5.0,10.0,148,29.6,140,8,0,8,0.1554054054054054,0.0,1,0.0,0,0.0,0.0,0.0,63.554054054054056,8.475946717260259,20260128-151156_baseline_proxy_spoof_seed864807,baseline_proxy_spoof,3,1
2,10.0,15.0,156,31.2,148,8,0,8,0.1602564102564102,0.0,1,0.0,0,0.0,0.0,0.0,63.6025641025641,8.47974924579328,20260128-151156_baseline_proxy_spoof_seed864807,baseline_proxy_spoof,3,1
3,15.0,20.0,136,27.2,136,0,0,8,0.1764705882352941,0.0,0,0.0,0,0.0,0.0,0.0,64.5,8.5,20260128-151156_baseline_proxy_spoof_seed864807,baseline_proxy_spoof,3,1
4,20.0,25.0,148,29.6,144,4,0,8,0.1689189189189189,0.0,1,0.0,0,0.0,0.0,0.0,64.02702702702703,8.501149322890425,20260128-151156_baseline_proxy_spoof_seed864807,baseline_proxy_spoof,3,1
5,25.0,30.0,160,32.0,152,8,0,8,0.1625,0.0,1,0.0,0,0.0,0.0,0.0,63.625,8.481413502477048,20260128-151156_baseline_proxy_spoof_seed864807,baseline_proxy_spoof,3,1
6,30.0,35.0,140,28.0,136,4,0,8,0.1642857142857142,0.0,1,0.0,0,0.0,0.0,0.0,64.0,8.500420157682964,20260128-151156_baseline_proxy_spoof_seed864807,baseline_proxy_spoof,3,1
7,35.0,40.0,132,26.4,132,0,0,8,0.1818181818181818,0.0,0,0.0,0,0.0,0.0,0.0,64.5,8.5,20260128-151156_baseline_proxy_spoof_seed864807,baseline_proxy_spoof,3,1
8,40.0,45.0,144,28.8,140,4,0,8,0.1666666666666666,0.0,1,0.0,0,0.0,0.0,0.0,64.01388888888889,8.500805608155865,20260128-151156_baseline_proxy_spoof_seed864807,baseline_proxy_spoof,3,1
9,45.0,50.0,136,27.2,132,4,0,8,0.1691176470588235,0.0,1,0.0,0,0.0,0.0,0.0,63.98529411764706,8.499987278638958,20260128-151156_baseline_proxy_spoof_seed864807,baseline_proxy_spoof,3,1
10,50.0,55.0,152,30.4,144,8,0,8,0.1578947368421052,0.0,1,0.0,0,0.0,0.0,0.0,63.578947368421055,8.47793290020555,20260128-151156_baseline_proxy_spoof_seed864807,baseline_proxy_spoof,3,1
11,55.0,60.0,148,29.6,140,8,0,8,0.1554054054054054,0.0,1,0.0,0,0.0,0.0,0.0,63.554054054054056,8.475946717260257,20260128-151156_baseline_proxy_spoof_seed864807,baseline_proxy_spoof,3,1
1,5.0,10.0,136,27.2,136,0,0,8,0.1764705882352941,0.0,0,0.0,0,0.0,0.0,0.0,64.5,8.5,20260128-151300_baseline_proxy_spoof_seed287770,baseline_proxy_spoof,3,1
2,10.0,15.0,144,28.8,136,8,0,8,0.1597222222222222,0.0,1,0.0,0,0.0,0.0,0.0,63.52777777777778,8.473770350358642,20260128-151300_baseline_proxy_spoof_seed287770,baseline_proxy_spoof,3,1
3,15.0,20.0,148,29.6,144,4,0,8,0.1689189189189189,0.0,1,0.0,0,0.0,0.0,0.0,64.02702702702703,8.501149322890425,20260128-151300_baseline_proxy_spoof_seed287770,baseline_proxy_spoof,3,1
4,20.0,25.0,144,28.8,140,4,0,8,0.1736111111111111,0.0,1,0.0,0,0.0,0.0,0.0,64.01388888888889,8.500805608155865,20260128-151300_baseline_proxy_spoof_seed287770,baseline_proxy_spoof,3,1
5,25.0,30.0,152,30.4,144,8,0,8,0.1513157894736842,0.0,1,0.0,0,0.0,0.0,0.0,63.578947368421055,8.47793290020555,20260128-151300_baseline_proxy_spoof_seed287770,baseline_proxy_spoof,3,1
6,30.0,35.0,144,28.8,140,4,0,8,0.1736111111111111,0.0,1,0.0,0,0.0,0.0,0.0,64.01388888888889,8.500805608155865,20260128-151300_baseline_proxy_spoof_seed287770,baseline_proxy_spoof,3,1
7,35.0,40.0,168,33.6,152,16,0,8,0.1428571428571428,0.0,1,0.0,0,0.0,0.0,0.0,62.833333333333336,8.38626049436608,20260128-151300_baseline_proxy_spoof_seed287770,baseline_proxy_spoof,3,1
8,40.0,45.0,136,27.2,136,0,0,8,0.1764705882352941,0.0,0,0.0,0,0.0,0.0,0.0,64.5,8.5,20260128-151300_baseline_proxy_spoof_seed287770,baseline_proxy_spoof,3,1
9,45.0,50.0,140,28.0,140,0,0,8,0.1785714285714285,0.0,0,0.0,0,0.0,0.0,0.0,64.5,8.5,20260128-151300_baseline_proxy_spoof_seed287770,baseline_proxy_spoof,3,1
10,50.0,55.0,128,25.6,128,0,0,8,0.1796875,0.0,0,0.0,0,0.0,0.0,0.0,64.5,8.5,20260128-151300_baseline_proxy_spoof_seed287770,baseline_proxy_spoof,3,1
1,5.0,10.0,156,31.2,148,8,0,8,0.1602564102564102,0.0,1,0.0,0,0.0,0.0,0.0,63.6025641025641,8.47974924579328,20260128-151405_baseline_proxy_spoof_seed610164,baseline_proxy_spoof,3,1
2,10.0,15.0,144,28.8,136,8,0,8,0.1597222222222222,0.0,1,0.0,0,0.0,0.0,0.0,63.52777777777778,8.473770350358642,20260128-151405_baseline_proxy_spoof_seed610164,baseline_proxy_spoof,3,1
3,15.0,20.0,156,31.2,148,8,0,8,0.1538461538461538,0.0,1,0.0,0,0.0,0.0,0.0,63.6025641025641,8.47974924579328,20260128-151405_baseline_proxy_spoof_seed610164,baseline_proxy_spoof,3,1
4,20.0,25.0,136,27.2,136,0,0,8,0.1838235294117647,0.0,0,0.0,0,0.0,0.0,0.0,64.5,8.5,20260128-151405_baseline_proxy_spoof_seed610164,baseline_proxy_spoof,3,1
5,25.0,30.0,140,28.0,140,0,0,8,0.1785714285714285,0.0,0,0.0,0,0.0,0.0,0.0,64.5,8.5,20260128-151405_baseline_proxy_spoof_seed610164,baseline_proxy_spoof,3,1
6,30.0,35.0,148,29.6,140,8,0,8,0.1554054054054054,0.0,1,0.0,0,0.0,0.0,0.0,63.554054054054056,8.475946717260259,20260128-151405_baseline_proxy_spoof_seed610164,baseline_proxy_spoof,3,1
7,35.0,40.0,132,26.4,132,0,0,8,0.1818181818181818,0.0,0,0.0,0,0.0,0.0,0.0,64.5,8.5,20260128-151405_baseline_proxy_spoof_seed610164,baseline_proxy_spoof,3,1
8,40.0,45.0,140,28.0,136,4,0,8,0.1642857142857142,0.0,1,0.0,0,0.0,0.0,0.0,64.0,8.500420157682964,20260128-151405_baseline_proxy_spoof_seed610164,baseline_proxy_spoof,3,1
9,45.0,50.0,136,27.2,136,0,0,8,0.1838235294117647,0.0,0,0.0,0,0.0,0.0,0.0,64.5,8.5,20260128-151405_baseline_proxy_spoof_seed610164,baseline_proxy_spoof,3,1
10,50.0,55.0,148,29.6,144,4,0,8,0.1621621621621621,0.0,1,0.0,0,0.0,0.0,0.0,64.02702702702703,8.501149322890424,20260128-151405_baseline_proxy_spoof_seed610164,baseline_proxy_spoof,3,1
1,5.0,10.0,136,27.2,136,0,0,8,0.1764705882352941,0.0,0,0.0,0,0.0,0.0,0.0,64.5,8.5,20260128-151510_baseline_proxy_spoof_seed828922,baseline_proxy_spoof,3,1
2,10.0,15.0,140,28.0,140,0,0,8,0.1785714285714285,0.0,0,0.0,0,0.0,0.0,0.0,64.5,8.5,20260128-151510_baseline_proxy_spoof_seed828922,baseline_proxy_spoof,3,1
3,15.0,20.0,148,29.6,144,4,0,8,0.1689189189189189,0.0,1,0.0,0,0.0,0.0,0.0,64.02702702702703,8.501149322890425,20260128-151510_baseline_proxy_spoof_seed828922,baseline_proxy_spoof,3,1
4,20.0,25.0,156,31.2,144,12,0,8,0.1538461538461538,0.0,1,0.0,0,0.0,0.0,0.0,63.15384615384615,8.43387085001857,20260128-151510_baseline_proxy_spoof_seed828922,baseline_proxy_spoof,3,1
5,25.0,30.0,144,28.8,140,4,0,8,0.1666666666666666,0.0,1,0.0,0,0.0,0.0,0.0,64.01388888888889,8.500805608155865,20260128-151510_baseline_proxy_spoof_seed828922,baseline_proxy_spoof,3,1
6,30.0,35.0,132,26.4,132,0,0,8,0.1742424242424242,0.0,0,0.0,0,0.0,0.0,0.0,64.5,8.5,20260128-151510_baseline_proxy_spoof_seed828922,baseline_proxy_spoof,3,1
7,35.0,40.0,132,26.4,132,0,0,8,0.1742424242424242,0.0,0,0.0,0,0.0,0.0,0.0,64.5,8.5,20260128-151510_baseline_proxy_spoof_seed828922,baseline_proxy_spoof,3,1
8,40.0,45.0,148,29.6,144,4,0,8,0.1689189189189189,0.0,1,0.0,0,0.0,0.0,0.0,64.02702702702703,8.501149322890425,20260128-151510_baseline_proxy_spoof_seed828922,baseline_proxy_spoof,3,1
9,45.0,50.0,136,27.2,136,0,0,8,0.1764705882352941,0.0,0,0.0,0,0.0,0.0,0.0,64.5,8.5,20260128-151510_baseline_proxy_spoof_seed828922,baseline_proxy_spoof,3,1
10,50.0,55.0,136,27.2,136,0,0,8,0.1764705882352941,0.0,0,0.0,0,0.0,0.0,0.0,64.5,8.5,20260128-151510_baseline_proxy_spoof_seed828922,baseline_proxy_spoof,3,1
1,5.0,10.0,136,27.2,136,0,0,8,0.1764705882352941,0.0,0,0.0,0,0.0,0.0,0.0,64.5,8.5,20260128-151615_baseline_proxy_spoof_seed518802,baseline_proxy_spoof,3,1
2,10.0,15.0,132,26.4,132,0,0,8,0.1818181818181818,0.0,0,0.0,0,0.0,0.0,0.0,64.5,8.5,20260128-151615_baseline_proxy_spoof_seed518802,baseline_proxy_spoof,3,1
3,15.0,20.0,140,28.0,140,0,0,8,0.1785714285714285,0.0,0,0.0,0,0.0,0.0,0.0,64.5,8.5,20260128-151615_baseline_proxy_spoof_seed518802,baseline_proxy_spoof,3,1
4,20.0,25.0,144,28.8,144,0,0,8,0.1736111111111111,0.0,0,0.0,0,0.0,0.0,0.0,64.5,8.5,20260128-151615_baseline_proxy_spoof_seed518802,baseline_proxy_spoof,3,1
5,25.0,30.0,136,27.2,136,0,0,8,0.1764705882352941,0.0,0,0.0,0,0.0,0.0,0.0,64.5,8.5,20260128-151615_baseline_proxy_spoof_seed518802,baseline_proxy_spoof,3,1
6,30.0,35.0,140,28.0,136,4,0,8,0.1642857142857142,0.0,1,0.0,0,0.0,0.0,0.0,64.0,8.500420157682964,20260128-151615_baseline_proxy_spoof_seed518802,baseline_proxy_spoof,3,1
7,35.0,40.0,128,25.6,128,0,0,8,0.1796875,0.0,0,0.0,0,0.0,0.0,0.0,64.5,8.5,20260128-151615_baseline_proxy_spoof_seed518802,baseline_proxy_spoof,3,1
8,40.0,45.0,136,27.2,136,0,0,8,0.1764705882352941,0.0,0,0.0,0,0.0,0.0,0.0,64.5,8.5,20260128-151615_baseline_proxy_spoof_seed518802,baseline_proxy_spoof,3,1
9,45.0,50.0,132,26.4,132,0,0,8,0.1742424242424242,0.0,0,0.0,0,0.0,0.0,0.0,64.5,8.5,20260128-151615_baseline_proxy_spoof_seed518802,baseline_proxy_spoof,3,1
10,50.0,55.0,148,29.6,140,8,0,8,0.1621621621621621,0.0,1,0.0,0,0.0,0.0,0.0,63.554054054054056,8.475946717260259,20260128-151615_baseline_proxy_spoof_seed518802,baseline_proxy_spoof,3,1
1,5.0,10.0,136,27.2,136,0,0,8,0.1764705882352941,0.0,0,0.0,0,0.0,0.0,0.0,64.5,8.5,20260128-151720_baseline_proxy_spoof_seed18042,baseline_proxy_spoof,3,1
2,10.0,15.0,144,28.8,140,4,0,8,0.1736111111111111,0.0,1,0.0,0,0.0,0.0,0.0,64.01388888888889,8.500805608155865,20260128-151720_baseline_proxy_spoof_seed18042,baseline_proxy_spoof,3,1
3,15.0,20.0,132,26.4,132,0,0,8,0.1742424242424242,0.0,0,0.0,0,0.0,0.0,0.0,64.5,8.5,20260128-151720_baseline_proxy_spoof_seed18042,baseline_proxy_spoof,3,1
4,20.0,25.0,136,27.2,136,0,0,8,0.1764705882352941,0.0,0,0.0,0,0.0,0.0,0.0,64.5,8.5,20260128-151720_baseline_proxy_spoof_seed18042,baseline_proxy_spoof,3,1
5,25.0,30.0,144,28.8,140,4,0,8,0.1666666666666666,0.0,1,0.0,0,0.0,0.0,0.0,64.01388888888889,8.500805608155865,20260128-151720_baseline_proxy_spoof_seed18042,baseline_proxy_spoof,3,1
6,30.0,35.0,136,27.2,136,0,0,8,0.1764705882352941,0.0,0,0.0,0,0.0,0.0,0.0,64.5,8.5,20260128-151720_baseline_proxy_spoof_seed18042,baseline_proxy_spoof,3,1
7,35.0,40.0,140,28.0,136,4,0,8,0.1714285714285714,0.0,1,0.0,0,0.0,0.0,0.0,64.0,8.500420157682964,20260128-151720_baseline_proxy_spoof_seed18042,baseline_proxy_spoof,3,1
8,40.0,45.0,164,32.8,156,8,0,8,0.1585365853658536,0.0,1,0.0,0,0.0,0.0,0.0,63.64634146341464,8.48294120533431,20260128-151720_baseline_proxy_spoof_seed18042,baseline_proxy_spoof,3,1
9,45.0,50.0,160,32.0,148,12,0,8,0.15,0.0,1,0.0,0,0.0,0.0,0.0,63.1875,8.43814812325548,20260128-151720_baseline_proxy_spoof_seed18042,baseline_proxy_spoof,3,1
10,50.0,55.0,140,28.0,136,4,0,8,0.1642857142857142,0.0,1,0.0,0,0.0,0.0,0.0,64.0,8.500420157682964,20260128-151720_baseline_proxy_spoof_seed18042,baseline_proxy_spoof,3,1
11,55.0,60.0,132,26.4,132,0,0,8,0.1818181818181818,0.0,0,0.0,0,0.0,0.0,0.0,64.5,8.5,20260128-151720_baseline_proxy_spoof_seed18042,baseline_proxy_spoof,3,1
1,5.0,10.0,136,27.2,136,0,0,8,0.1764705882352941,0.0,0,0.0,0,0.0,0.0,0.0,64.5,8.5,20260128-151825_baseline_proxy_spoof_seed551089,baseline_proxy_spoof,3,1
2,10.0,15.0,152,30.4,144,8,0,8,0.1578947368421052,0.0,1,0.0,0,0.0,0.0,0.0,63.578947368421055,8.477932900205548,20260128-151825_baseline_proxy_spoof_seed551089,baseline_proxy_spoof,3,1
3,15.0,20.0,136,27.2,136,0,0,8,0.1838235294117647,0.0,0,0.0,0,0.0,0.0,0.0,64.5,8.5,20260128-151825_baseline_proxy_spoof_seed551089,baseline_proxy_spoof,3,1
4,20.0,25.0,140,28.0,136,4,0,8,0.1642857142857142,0.0,1,0.0,0,0.0,0.0,0.0,64.0,8.500420157682964,20260128-151825_baseline_proxy_spoof_seed551089,baseline_proxy_spoof,3,1
5,25.0,30.0,144,28.8,140,4,0,8,0.1736111111111111,0.0,1,0.0,0,0.0,0.0,0.0,64.01388888888889,8.500805608155865,20260128-151825_baseline_proxy_spoof_seed551089,baseline_proxy_spoof,3,1
6,30.0,35.0,168,33.6,152,16,0,8,0.1428571428571428,0.0,1,0.0,0,0.0,0.0,0.0,62.833333333333336,8.386260494366082,20260128-151825_baseline_proxy_spoof_seed551089,baseline_proxy_spoof,3,1
7,35.0,40.0,148,29.6,144,4,0,8,0.1689189189189189,0.0,1,0.0,0,0.0,0.0,0.0,64.02702702702703,8.501149322890424,20260128-151825_baseline_proxy_spoof_seed551089,baseline_proxy_spoof,3,1
8,40.0,45.0,140,28.0,140,0,0,8,0.1785714285714285,0.0,0,0.0,0,0.0,0.0,0.0,64.5,8.5,20260128-151825_baseline_proxy_spoof_seed551089,baseline_proxy_spoof,3,1
9,45.0,50.0,136,27.2,132,4,0,8,0.1691176470588235,0.0,1,0.0,0,0.0,0.0,0.0,63.98529411764706,8.499987278638958,20260128-151825_baseline_proxy_spoof_seed551089,baseline_proxy_spoof,3,1
10,50.0,55.0,164,32.8,152,12,0,8,0.1463414634146341,0.0,1,0.0,0,0.0,0.0,0.0,63.21951219512195,8.442090236838537,20260128-151825_baseline_proxy_spoof_seed551089,baseline_proxy_spoof,3,1
1,5.0,10.0,129,25.8,129,0,0,8,0.1782945736434108,0.0,0,0.0,0,0.0,0.0,0.0,64.56589147286822,8.499744602857389,20260128-151930_baseline_proxy_spoof_seed154599,baseline_proxy_spoof,3,1
2,10.0,15.0,140,28.0,136,4,0,8,0.1714285714285714,0.0,1,0.0,0,0.0,0.0,0.0,64.0,8.500420157682964,20260128-151930_baseline_proxy_spoof_seed154599,baseline_proxy_spoof,3,1
3,15.0,20.0,140,28.0,136,4,0,8,0.1714285714285714,0.0,1,0.0,0,0.0,0.0,0.0,64.0,8.500420157682964,20260128-151930_baseline_proxy_spoof_seed154599,baseline_proxy_spoof,3,1
4,20.0,25.0,132,26.4,132,0,0,8,0.1742424242424242,0.0,0,0.0,0,0.0,0.0,0.0,64.5,8.5,20260128-151930_baseline_proxy_spoof_seed154599,baseline_proxy_spoof,3,1
5,25.0,30.0,140,28.0,140,0,0,8,0.1785714285714285,0.0,0,0.0,0,0.0,0.0,0.0,64.5,8.5,20260128-151930_baseline_proxy_spoof_seed154599,baseline_proxy_spoof,3,1
6,30.0,35.0,136,27.2,136,0,0,8,0.1764705882352941,0.0,0,0.0,0,0.0,0.0,0.0,64.5,8.5,20260128-151930_baseline_proxy_spoof_seed154599,baseline_proxy_spoof,3,1
7,35.0,40.0,140,28.0,136,4,0,8,0.1714285714285714,0.0,1,0.0,0,0.0,0.0,0.0,64.0,8.500420157682964,20260128-151930_baseline_proxy_spoof_seed154599,baseline_proxy_spoof,3,1
8,40.0,45.0,140,28.0,140,0,0,8,0.1785714285714285,0.0,0,0.0,0,0.0,0.0,0.0,64.5,8.5,20260128-151930_baseline_proxy_spoof_seed154599,baseline_proxy_spoof,3,1
9,45.0,50.0,144,28.8,140,4,0,8,0.1666666666666666,0.0,1,0.0,0,0.0,0.0,0.0,64.01388888888889,8.500805608155865,20260128-151930_baseline_proxy_spoof_seed154599,baseline_proxy_spoof,3,1
10,50.0,55.0,140,28.0,136,4,0,8,0.1642857142857142,0.0,1,0.0,0,0.0,0.0,0.0,64.0,8.500420157682964,20260128-151930_baseline_proxy_spoof_seed154599,baseline_proxy_spoof,3,1
1,5.0,10.0,68,13.6,68,0,0,4,0.3529411764705882,0.0,0,0.0,0,0.0,0.0,0.0,64.5,8.5,20260128-154816_baseline_seed967459,baseline,0,0
2,10.0,15.0,70,14.0,68,2,0,4,0.3285714285714285,0.0,0,0.0,0,0.0,0.0,0.0,64.0,8.500420157682964,20260128-154816_baseline_seed967459,baseline,0,0
3,15.0,20.0,78,15.6,74,4,0,4,0.3076923076923077,0.0,0,0.0,0,0.0,0.0,0.0,63.6025641025641,8.479749245793288,20260128-154816_baseline_seed967459,baseline,0,0
4,20.0,25.0,68,13.6,68,0,0,4,0.3529411764705882,0.0,0,0.0,0,0.0,0.0,0.0,64.5,8.5,20260128-154816_baseline_seed967459,baseline,0,0
5,25.0,30.0,72,14.4,70,2,0,4,0.3333333333333333,0.0,0,0.0,0,0.0,0.0,0.0,64.01388888888889,8.50080560815587,20260128-154816_baseline_seed967459,baseline,0,0
6,30.0,35.0,76,15.2,72,4,0,4,0.3157894736842105,0.0,0,0.0,0,0.0,0.0,0.0,63.578947368421055,8.477932900205554,20260128-154816_baseline_seed967459,baseline,0,0
7,35.0,40.0,72,14.4,72,0,0,4,0.3611111111111111,0.0,0,0.0,0,0.0,0.0,0.0,64.5,8.5,20260128-154816_baseline_seed967459,baseline,0,0
8,40.0,45.0,66,13.2,66,0,0,4,0.3484848484848485,0.0,0,0.0,0,0.0,0.0,0.0,64.5,8.5,20260128-154816_baseline_seed967459,baseline,0,0
9,45.0,50.0,68,13.6,68,0,0,4,0.3529411764705882,0.0,0,0.0,0,0.0,0.0,0.0,64.5,8.5,20260128-154816_baseline_seed967459,baseline,0,0
10,50.0,55.0,66,13.2,66,0,0,4,0.3636363636363636,0.0,0,0.0,0,0.0,0.0,0.0,64.5,8.5,20260128-154816_baseline_seed967459,baseline,0,0
1,5.0,10.0,72,14.4,70,2,0,4,0.3333333333333333,0.0,0,0.0,0,0.0,0.0,0.0,64.01388888888889,8.500805608155872,20260128-154921_baseline_seed982134,baseline,0,0
2,10.0,15.0,70,14.0,68,2,0,4,0.3285714285714285,0.0,0,0.0,0,0.0,0.0,0.0,64.0,8.500420157682964,20260128-154921_baseline_seed982134,baseline,0,0
3,15.0,20.0,76,15.2,74,2,0,4,0.3289473684210526,0.0,0,0.0,0,0.0,0.0,0.0,64.03947368421052,8.501456205717265,20260128-154921_baseline_seed982134,baseline,0,0
4,20.0,25.0,72,14.4,70,2,0,4,0.3333333333333333,0.0,0,0.0,0,0.0,0.0,0.0,64.01388888888889,8.50080560815587,20260128-154921_baseline_seed982134,baseline,0,0
5,25.0,30.0,80,16.0,74,6,0,4,0.3125,0.0,0,0.0,0,0.0,0.0,0.0,63.1875,8.43814812325548,20260128-154921_baseline_seed982134,baseline,0,0
6,30.0,35.0,66,13.2,66,0,0,4,0.3484848484848485,0.0,0,0.0,0,0.0,0.0,0.0,64.5,8.5,20260128-154921_baseline_seed982134,baseline,0,0
7,35.0,40.0,72,14.4,70,2,0,4,0.3333333333333333,0.0,0,0.0,0,0.0,0.0,0.0,64.01388888888889,8.50080560815587,20260128-154921_baseline_seed982134,baseline,0,0
8,40.0,45.0,70,14.0,68,2,0,4,0.3428571428571428,0.0,0,0.0,0,0.0,0.0,0.0,64.0,8.500420157682964,20260128-154921_baseline_seed982134,baseline,0,0
9,45.0,50.0,70,14.0,68,2,0,4,0.3285714285714285,0.0,0,0.0,0,0.0,0.0,0.0,64.0,8.500420157682964,20260128-154921_baseline_seed982134,baseline,0,0
10,50.0,55.0,74,14.8,72,2,0,4,0.3378378378378378,0.0,0,0.0,0,0.0,0.0,0.0,64.02702702702703,8.501149322890425,20260128-154921_baseline_seed982134,baseline,0,0
1,5.0,10.0,82,16.4,76,6,0,4,0.3048780487804878,0.0,0,0.0,0,0.0,0.0,0.0,63.21951219512195,8.442090236838533,20260128-155025_baseline_seed140395,baseline,0,0
2,10.0,15.0,82,16.4,76,6,0,4,0.2926829268292683,0.0,0,0.0,0,0.0,0.0,0.0,63.21951219512195,8.442090236838533,20260128-155025_baseline_seed140395,baseline,0,0
3,15.0,20.0,78,15.6,72,6,0,4,0.3076923076923077,0.0,0,0.0,0,0.0,0.0,0.0,63.15384615384615,8.433870850018561,20260128-155025_baseline_seed140395,baseline,0,0
4,20.0,25.0,72,14.4,70,2,0,4,0.3333333333333333,0.0,0,0.0,0,0.0,0.0,0.0,64.01388888888889,8.50080560815587,20260128-155025_baseline_seed140395,baseline,0,0
5,25.0,30.0,76,15.2,76,0,0,4,0.3552631578947368,0.0,0,0.0,0,0.0,0.0,0.0,64.5,8.5,20260128-155025_baseline_seed140395,baseline,0,0
6,30.0,35.0,70,14.0,68,2,0,4,0.3285714285714285,0.0,0,0.0,0,0.0,0.0,0.0,64.0,8.500420157682964,20260128-155025_baseline_seed140395,baseline,0,0
7,35.0,40.0,74,14.8,72,2,0,4,0.3378378378378378,0.0,0,0.0,0,0.0,0.0,0.0,64.02702702702703,8.501149322890425,20260128-155025_baseline_seed140395,baseline,0,0
8,40.0,45.0,64,12.8,64,0,0,4,0.359375,0.0,0,0.0,0,0.0,0.0,0.0,64.5,8.5,20260128-155025_baseline_seed140395,baseline,0,0
9,45.0,50.0,70,14.0,70,0,0,4,0.3571428571428571,0.0,0,0.0,0,0.0,0.0,0.0,64.5,8.5,20260128-155025_baseline_seed140395,baseline,0,0
10,50.0,55.0,70,14.0,68,2,0,4,0.3285714285714285,0.0,0,0.0,0,0.0,0.0,0.0,64.0,8.500420157682964,20260128-155025_baseline_seed140395,baseline,0,0
1,5.0,10.0,74,14.8,72,2,0,4,0.3378378378378378,0.0,0,0.0,0,0.0,0.0,0.0,64.02702702702703,8.501149322890425,20260128-155130_baseline_seed924665,baseline,0,0
2,10.0,15.0,64,12.8,64,0,0,4,0.34375,0.0,0,0.0,0,0.0,0.0,0.0,64.5,8.5,20260128-155130_baseline_seed924665,baseline,0,0
3,15.0,20.0,80,16.0,76,4,0,4,0.3125,0.0,0,0.0,0,0.0,0.0,0.0,63.625,8.481413502477048,20260128-155130_baseline_seed924665,baseline,0,0
4,20.0,25.0,74,14.8,70,4,0,4,0.3108108108108108,0.0,0,0.0,0,0.0,0.0,0.0,63.554054054054056,8.475946717260259,20260128-155130_baseline_seed924665,baseline,0,0
5,25.0,30.0,84,16.8,76,8,0,4,0.2857142857142857,0.0,0,0.0,0,0.0,0.0,0.0,62.833333333333336,8.38626049436607,20260128-155130_baseline_seed924665,baseline,0,0
6,30.0,35.0,72,14.4,68,4,0,4,0.3194444444444444,0.0,0,0.0,0,0.0,0.0,0.0,63.52777777777778,8.473770350358642,20260128-155130_baseline_seed924665,baseline,0,0
7,35.0,40.0,72,14.4,70,2,0,4,0.3333333333333333,0.0,0,0.0,0,0.0,0.0,0.0,64.01388888888889,8.500805608155872,20260128-155130_baseline_seed924665,baseline,0,0
8,40.0,45.0,74,14.8,72,2,0,4,0.3378378378378378,0.0,0,0.0,0,0.0,0.0,0.0,64.02702702702703,8.501149322890425,20260128-155130_baseline_seed924665,baseline,0,0
9,45.0,50.0,68,13.6,68,0,0,4,0.3676470588235294,0.0,0,0.0,0,0.0,0.0,0.0,64.5,8.5,20260128-155130_baseline_seed924665,baseline,0,0
10,50.0,55.0,68,13.6,68,0,0,4,0.3529411764705882,0.0,0,0.0,0,0.0,0.0,0.0,64.5,8.5,20260128-155130_baseline_seed924665,baseline,0,0
1,5.0,10.0,82,16.4,76,6,0,4,0.3048780487804878,0.0,0,0.0,0,0.0,0.0,0.0,63.21951219512195,8.442090236838531,20260128-155235_baseline_seed871345,baseline,0,0
2,10.0,15.0,68,13.6,68,0,0,4,0.3676470588235294,0.0,0,0.0,0,0.0,0.0,0.0,64.5,8.5,20260128-155235_baseline_seed871345,baseline,0,0
3,15.0,20.0,68,13.6,68,0,0,4,0.3529411764705882,0.0,0,0.0,0,0.0,0.0,0.0,64.5,8.5,20260128-155235_baseline_seed871345,baseline,0,0
4,20.0,25.0,66,13.2,66,0,0,4,0.3636363636363636,0.0,0,0.0,0,0.0,0.0,0.0,64.5,8.5,20260128-155235_baseline_seed871345,baseline,0,0
5,25.0,30.0,72,14.4,70,2,0,4,0.3333333333333333,0.0,0,0.0,0,0.0,0.0,0.0,64.01388888888889,8.500805608155872,20260128-155235_baseline_seed871345,baseline,0,0
6,30.0,35.0,68,13.6,68,0,0,4,0.3529411764705882,0.0,0,0.0,0,0.0,0.0,0.0,64.5,8.5,20260128-155235_baseline_seed871345,baseline,0,0
7,35.0,40.0,66,13.2,66,0,0,4,0.3484848484848485,0.0,0,0.0,0,0.0,0.0,0.0,64.5,8.5,20260128-155235_baseline_seed871345,baseline,0,0
8,40.0,45.0,68,13.6,66,2,0,4,0.3382352941176471,0.0,0,0.0,0,0.0,0.0,0.0,63.98529411764706,8.499987278638965,20260128-155235_baseline_seed871345,baseline,0,0
9,45.0,50.0,78,15.6,72,6,0,4,0.2948717948717949,0.0,0,0.0,0,0.0,0.0,0.0,63.15384615384615,8.433870850018561,20260128-155235_baseline_seed871345,baseline,0,0
10,50.0,55.0,72,14.4,70,2,0,4,0.3333333333333333,0.0,0,0.0,0,0.0,0.0,0.0,64.01388888888889,8.500805608155872,20260128-155235_baseline_seed871345,baseline,0,0
1,5.0,10.0,70,14.0,68,2,0,4,0.3285714285714285,0.0,0,0.0,0,0.0,0.0,0.0,64.0,8.500420157682964,20260128-155339_baseline_seed590937,baseline,0,0
2,10.0,15.0,80,16.0,74,6,0,4,0.2875,0.0,0,0.0,0,0.0,0.0,0.0,63.1875,8.43814812325548,20260128-155339_baseline_seed590937,baseline,0,0
3,15.0,20.0,66,13.2,66,0,0,4,0.3636363636363636,0.0,0,0.0,0,0.0,0.0,0.0,64.5,8.5,20260128-155339_baseline_seed590937,baseline,0,0
4,20.0,25.0,70,14.0,70,0,0,4,0.3571428571428571,0.0,0,0.0,0,0.0,0.0,0.0,64.5,8.5,20260128-155339_baseline_seed590937,baseline,0,0
5,25.0,30.0,66,13.2,66,0,0,4,0.3636363636363636,0.0,0,0.0,0,0.0,0.0,0.0,64.5,8.5,20260128-155339_baseline_seed590937,baseline,0,0
6,30.0,35.0,74,14.8,70,4,0,4,0.3243243243243243,0.0,0,0.0,0,0.0,0.0,0.0,63.554054054054056,8.47594671726026,20260128-155339_baseline_seed590937,baseline,0,0
7,35.0,40.0,74,14.8,72,2,0,4,0.3243243243243243,0.0,0,0.0,0,0.0,0.0,0.0,64.02702702702703,8.501149322890425,20260128-155339_baseline_seed590937,baseline,0,0
8,40.0,45.0,72,14.4,72,0,0,4,0.3611111111111111,0.0,0,0.0,0,0.0,0.0,0.0,64.5,8.5,20260128-155339_baseline_seed590937,baseline,0,0
9,45.0,50.0,66,13.2,66,0,0,4,0.3636363636363636,0.0,0,0.0,0,0.0,0.0,0.0,64.5,8.5,20260128-155339_baseline_seed590937,baseline,0,0
10,50.0,55.0,66,13.2,66,0,0,4,0.3484848484848485,0.0,0,0.0,0,0.0,0.0,0.0,64.5,8.5,20260128-155339_baseline_seed590937,baseline,0,0
11,55.0,60.0,78,15.6,74,4,0,4,0.3205128205128205,0.0,0,0.0,0,0.0,0.0,0.0,63.6025641025641,8.479749245793288,20260128-155339_baseline_seed590937,baseline,0,0
1,5.0,10.0,74,14.8,72,2,0,4,0.3243243243243243,0.0,0,0.0,0,0.0,0.0,0.0,64.02702702702703,8.501149322890425,20260128-155444_baseline_seed31179,baseline,0,0
2,10.0,15.0,78,15.6,74,4,0,4,0.3205128205128205,0.0,0,0.0,0,0.0,0.0,0.0,63.6025641025641,8.479749245793288,20260128-155444_baseline_seed31179,baseline,0,0
3,15.0,20.0,76,15.2,72,4,0,4,0.3157894736842105,0.0,0,0.0,0,0.0,0.0,0.0,63.578947368421055,8.477932900205554,20260128-155444_baseline_seed31179,baseline,0,0
4,20.0,25.0,72,14.4,70,2,0,4,0.3333333333333333,0.0,0,0.0,0,0.0,0.0,0.0,64.01388888888889,8.50080560815587,20260128-155444_baseline_seed31179,baseline,0,0
5,25.0,30.0,70,14.0,68,2,0,4,0.3285714285714285,0.0,0,0.0,0,0.0,0.0,0.0,64.0,8.500420157682964,20260128-155444_baseline_seed31179,baseline,0,0
6,30.0,35.0,70,14.0,70,0,0,4,0.3571428571428571,0.0,0,0.0,0,0.0,0.0,0.0,64.5,8.5,20260128-155444_baseline_seed31179,baseline,0,0
7,35.0,40.0,72,14.4,70,2,0,4,0.3333333333333333,0.0,0,0.0,0,0.0,0.0,0.0,64.01388888888889,8.50080560815587,20260128-155444_baseline_seed31179,baseline,0,0
8,40.0,45.0,72,14.4,70,2,0,4,0.3333333333333333,0.0,0,0.0,0,0.0,0.0,0.0,64.01388888888889,8.50080560815587,20260128-155444_baseline_seed31179,baseline,0,0
9,45.0,50.0,76,15.2,72,4,0,4,0.3157894736842105,0.0,0,0.0,0,0.0,0.0,0.0,63.578947368421055,8.477932900205554,20260128-155444_baseline_seed31179,baseline,0,0
10,50.0,55.0,68,13.6,68,0,0,4,0.3529411764705882,0.0,0,0.0,0,0.0,0.0,0.0,64.5,8.5,20260128-155444_baseline_seed31179,baseline,0,0
1,5.0,10.0,70,14.0,68,2,0,4,0.3285714285714285,0.0,0,0.0,0,0.0,0.0,0.0,64.0,8.500420157682964,20260128-155548_baseline_seed112588,baseline,0,0
2,10.0,15.0,68,13.6,68,0,0,4,0.3676470588235294,0.0,0,0.0,0,0.0,0.0,0.0,64.5,8.5,20260128-155548_baseline_seed112588,baseline,0,0
3,15.0,20.0,86,17.2,78,8,0,4,0.2790697674418604,0.0,0,0.0,0,0.0,0.0,0.0,62.872093023255815,8.39268301423288,20260128-155548_baseline_seed112588,baseline,0,0
4,20.0,25.0,72,14.4,70,2,0,4,0.3333333333333333,0.0,0,0.0,0,0.0,0.0,0.0,64.01388888888889,8.50080560815587,20260128-155548_baseline_seed112588,baseline,0,0
5,25.0,30.0,72,14.4,70,2,0,4,0.3333333333333333,0.0,0,0.0,0,0.0,0.0,0.0,64.01388888888889,8.50080560815587,20260128-155548_baseline_seed112588,baseline,0,0
6,30.0,35.0,68,13.6,68,0,0,4,0.3529411764705882,0.0,0,0.0,0,0.0,0.0,0.0,64.5,8.5,20260128-155548_baseline_seed112588,baseline,0,0
7,35.0,40.0,66,13.2,66,0,0,4,0.3636363636363636,0.0,0,0.0,0,0.0,0.0,0.0,64.5,8.5,20260128-155548_baseline_seed112588,baseline,0,0
8,40.0,45.0,74,14.8,72,2,0,4,0.3378378378378378,0.0,0,0.0,0,0.0,0.0,0.0,64.02702702702703,8.501149322890425,20260128-155548_baseline_seed112588,baseline,0,0
9,45.0,50.0,74,14.8,72,2,0,4,0.3243243243243243,0.0,0,0.0,0,0.0,0.0,0.0,64.02702702702703,8.501149322890425,20260128-155548_baseline_seed112588,baseline,0,0
10,50.0,55.0,82,16.4,74,8,0,4,0.2926829268292683,0.0,0,0.0,0,0.0,0.0,0.0,62.79268292682927,8.379326774398264,20260128-155548_baseline_seed112588,baseline,0,0
1,5.0,10.0,64,12.8,64,0,0,4,0.359375,0.0,0,0.0,0,0.0,0.0,0.0,64.5,8.5,20260128-155653_baseline_seed21128,baseline,0,0
2,10.0,15.0,74,14.8,72,2,0,4,0.3243243243243243,0.0,0,0.0,0,0.0,0.0,0.0,64.02702702702703,8.501149322890424,20260128-155653_baseline_seed21128,baseline,0,0
3,15.0,20.0,68,13.6,68,0,0,4,0.3529411764705882,0.0,0,0.0,0,0.0,0.0,0.0,64.5,8.5,20260128-155653_baseline_seed21128,baseline,0,0
4,20.0,25.0,82,16.4,74,8,0,4,0.2926829268292683,0.0,0,0.0,0,0.0,0.0,0.0,62.79268292682927,8.379326774398264,20260128-155653_baseline_seed21128,baseline,0,0
5,25.0,30.0,70,14.0,70,0,0,4,0.3571428571428571,0.0,0,0.0,0,0.0,0.0,0.0,64.5,8.5,20260128-155653_baseline_seed21128,baseline,0,0
6,30.0,35.0,70,14.0,68,2,0,4,0.3285714285714285,0.0,0,0.0,0,0.0,0.0,0.0,64.0,8.500420157682964,20260128-155653_baseline_seed21128,baseline,0,0
7,35.0,40.0,74,14.8,70,4,0,4,0.3108108108108108,0.0,0,0.0,0,0.0,0.0,0.0,63.554054054054056,8.475946717260259,20260128-155653_baseline_seed21128,baseline,0,0
8,40.0,45.0,80,16.0,76,4,0,4,0.325,0.0,0,0.0,0,0.0,0.0,0.0,63.625,8.481413502477048,20260128-155653_baseline_seed21128,baseline,0,0
9,45.0,50.0,64,12.8,64,0,0,4,0.359375,0.0,0,0.0,0,0.0,0.0,0.0,64.5,8.5,20260128-155653_baseline_seed21128,baseline,0,0
10,50.0,55.0,74,14.8,70,4,0,4,0.3108108108108108,0.0,0,0.0,0,0.0,0.0,0.0,63.554054054054056,8.475946717260259,20260128-155653_baseline_seed21128,baseline,0,0
1,5.0,10.0,70,14.0,70,0,0,4,0.3571428571428571,0.0,0,0.0,0,0.0,0.0,0.0,64.5,8.5,20260128-155758_baseline_seed561025,baseline,0,0
2,10.0,15.0,72,14.4,70,2,0,4,0.3333333333333333,0.0,0,0.0,0,0.0,0.0,0.0,64.01388888888889,8.500805608155872,20260128-155758_baseline_seed561025,baseline,0,0
3,15.0,20.0,76,15.2,72,4,0,4,0.3289473684210526,0.0,0,0.0,0,0.0,0.0,0.0,63.578947368421055,8.477932900205554,20260128-155758_baseline_seed561025,baseline,0,0
4,20.0,25.0,70,14.0,70,0,0,4,0.3428571428571428,0.0,0,0.0,0,0.0,0.0,0.0,64.5,8.5,20260128-155758_baseline_seed561025,baseline,0,0
5,25.0,30.0,66,13.2,66,0,0,4,0.3636363636363636,0.0,0,0.0,0,0.0,0.0,0.0,64.5,8.5,20260128-155758_baseline_seed561025,baseline,0,0
6,30.0,35.0,72,14.4,70,2,0,4,0.3333333333333333,0.0,0,0.0,0,0.0,0.0,0.0,64.01388888888889,8.50080560815587,20260128-155758_baseline_seed561025,baseline,0,0
7,35.0,40.0,70,14.0,68,2,0,4,0.3285714285714285,0.0,0,0.0,0,0.0,0.0,0.0,64.0,8.500420157682964,20260128-155758_baseline_seed561025,baseline,0,0
8,40.0,45.0,82,16.4,76,6,0,4,0.3048780487804878,0.0,0,0.0,0,0.0,0.0,0.0,63.21951219512195,8.442090236838533,20260128-155758_baseline_seed561025,baseline,0,0
9,45.0,50.0,76,15.2,74,2,0,4,0.3289473684210526,0.0,0,0.0,0,0.0,0.0,0.0,64.03947368421052,8.501456205717263,20260128-155758_baseline_seed561025,baseline,0,0
10,50.0,55.0,68,13.6,68,0,0,4,0.3676470588235294,0.0,0,0.0,0,0.0,0.0,0.0,64.5,8.5,20260128-155758_baseline_seed561025,baseline,0,0
11,55.0,60.0,72,14.4,70,2,0,4,0.3333333333333333,0.0,0,0.0,0,0.0,0.0,0.0,64.01388888888889,8.50080560815587,20260128-155758_baseline_seed561025,baseline,0,0
1,5.0,10.0,80,16.0,76,4,0,4,0.325,0.0,0,0.0,0,0.0,0.0,0.0,63.625,8.481413502477048,20260128-155903_baseline_seed321520,baseline,0,0
2,10.0,15.0,72,14.4,72,0,0,4,0.3472222222222222,0.0,0,0.0,0,0.0,0.0,0.0,64.5,8.5,20260128-155903_baseline_seed321520,baseline,0,0
3,15.0,20.0,70,14.0,68,2,0,4,0.3428571428571428,0.0,0,0.0,0,0.0,0.0,0.0,64.0,8.500420157682964,20260128-155903_baseline_seed321520,baseline,0,0
4,20.0,25.0,72,14.4,70,2,0,4,0.3194444444444444,0.0,0,0.0,0,0.0,0.0,0.0,64.01388888888889,8.50080560815587,20260128-155903_baseline_seed321520,baseline,0,0
5,25.0,30.0,70,14.0,70,0,0,4,0.3571428571428571,0.0,0,0.0,0,0.0,0.0,0.0,64.5,8.5,20260128-155903_baseline_seed321520,baseline,0,0
6,30.0,35.0,70,14.0,68,2,0,4,0.3285714285714285,0.0,0,0.0,0,0.0,0.0,0.0,64.0,8.500420157682964,20260128-155903_baseline_seed321520,baseline,0,0
7,35.0,40.0,74,14.8,72,2,0,4,0.3378378378378378,0.0,0,0.0,0,0.0,0.0,0.0,64.02702702702703,8.501149322890424,20260128-155903_baseline_seed321520,baseline,0,0
8,40.0,45.0,72,14.4,70,2,0,4,0.3333333333333333,0.0,0,0.0,0,0.0,0.0,0.0,64.01388888888889,8.50080560815587,20260128-155903_baseline_seed321520,baseline,0,0
9,45.0,50.0,66,13.2,66,0,0,4,0.3636363636363636,0.0,0,0.0,0,0.0,0.0,0.0,64.5,8.5,20260128-155903_baseline_seed321520,baseline,0,0
10,50.0,55.0,66,13.2,66,0,0,4,0.3484848484848485,0.0,0,0.0,0,0.0,0.0,0.0,64.5,8.5,20260128-155903_baseline_seed321520,baseline,0,0
1,5.0,10.0,66,13.2,66,0,0,4,0.3484848484848485,0.0,0,0.0,0,0.0,0.0,0.0,64.5,8.5,20260128-160007_baseline_seed564040,baseline,0,0
2,10.0,15.0,72,14.4,70,2,0,4,0.3333333333333333,0.0,0,0.0,0,0.0,0.0,0.0,64.01388888888889,8.50080560815587,20260128-160007_baseline_seed564040,baseline,0,0
3,15.0,20.0,76,15.2,72,4,0,4,0.3157894736842105,0.0,0,0.0,0,0.0,0.0,0.0,63.578947368421055,8.477932900205554,20260128-160007_baseline_seed564040,baseline,0,0
4,20.0,25.0,70,14.0,68,2,0,4,0.3285714285714285,0.0,0,0.0,0,0.0,0.0,0.0,64.0,8.500420157682964,20260128-160007_baseline_seed564040,baseline,0,0
5,25.0,30.0,70,14.0,70,0,0,4,0.3428571428571428,0.0,0,0.0,0,0.0,0.0,0.0,64.5,8.5,20260128-160007_baseline_seed564040,baseline,0,0
6,30.0,35.0,66,13.2,66,0,0,4,0.3484848484848485,0.0,0,0.0,0,0.0,0.0,0.0,64.5,8.5,20260128-160007_baseline_seed564040,baseline,0,0
7,35.0,40.0,70,14.0,68,2,0,4,0.3428571428571428,0.0,0,0.0,0,0.0,0.0,0.0,64.0,8.500420157682964,20260128-160007_baseline_seed564040,baseline,0,0
8,40.0,45.0,72,14.4,70,2,0,4,0.3333333333333333,0.0,0,0.0,0,0.0,0.0,0.0,64.01388888888889,8.50080560815587,20260128-160007_baseline_seed564040,baseline,0,0
9,45.0,50.0,74,14.8,70,4,0,4,0.3108108108108108,0.0,0,0.0,0,0.0,0.0,0.0,63.554054054054056,8.475946717260259,20260128-160007_baseline_seed564040,baseline,0,0
10,50.0,55.0,74,14.8,72,2,0,4,0.3378378378378378,0.0,0,0.0,0,0.0,0.0,0.0,64.02702702702703,8.501149322890424,20260128-160007_baseline_seed564040,baseline,0,0
1,5.0,10.0,75,15.0,71,4,0,4,0.3333333333333333,0.0,0,0.0,0,0.0,0.0,0.0,63.45333333333333,8.463716021281012,20260128-160112_baseline_seed543804,baseline,0,0
2,10.0,15.0,81,16.2,75,6,0,4,0.3086419753086419,0.0,0,0.0,0,0.0,0.0,0.0,63.30864197530864,8.455609541817207,20260128-160112_baseline_seed543804,baseline,0,0
3,15.0,20.0,72,14.4,70,2,0,4,0.3333333333333333,0.0,0,0.0,0,0.0,0.0,0.0,64.01388888888889,8.50080560815587,20260128-160112_baseline_seed543804,baseline,0,0
4,20.0,25.0,68,13.6,68,0,0,4,0.3529411764705882,0.0,0,0.0,0,0.0,0.0,0.0,64.5,8.5,20260128-160112_baseline_seed543804,baseline,0,0
5,25.0,30.0,70,14.0,70,0,0,4,0.3571428571428571,0.0,0,0.0,0,0.0,0.0,0.0,64.5,8.5,20260128-160112_baseline_seed543804,baseline,0,0
6,30.0,35.0,70,14.0,68,2,0,4,0.3428571428571428,0.0,0,0.0,0,0.0,0.0,0.0,64.0,8.500420157682964,20260128-160112_baseline_seed543804,baseline,0,0
7,35.0,40.0,68,13.6,68,0,0,4,0.3382352941176471,0.0,0,0.0,0,0.0,0.0,0.0,64.5,8.5,20260128-160112_baseline_seed543804,baseline,0,0
8,40.0,45.0,72,14.4,70,2,0,4,0.3333333333333333,0.0,0,0.0,0,0.0,0.0,0.0,64.01388888888889,8.500805608155872,20260128-160112_baseline_seed543804,baseline,0,0
9,45.0,50.0,72,14.4,70,2,0,4,0.3333333333333333,0.0,0,0.0,0,0.0,0.0,0.0,64.01388888888889,8.50080560815587,20260128-160112_baseline_seed543804,baseline,0,0
10,50.0,55.0,70,14.0,70,0,0,4,0.3571428571428571,0.0,0,0.0,0,0.0,0.0,0.0,64.5,8.5,20260128-160112_baseline_seed543804,baseline,0,0
1,5.0,10.0,72,14.4,70,2,0,4,0.3333333333333333,0.0,0,0.0,0,0.0,0.0,0.0,64.01388888888889,8.50080560815587,20260128-160216_baseline_seed846214,baseline,0,0
2,10.0,15.0,70,14.0,68,2,0,4,0.3428571428571428,0.0,0,0.0,0,0.0,0.0,0.0,64.0,8.500420157682964,20260128-160216_baseline_seed846214,baseline,0,0
3,15.0,20.0,70,14.0,70,0,0,4,0.3428571428571428,0.0,0,0.0,0,0.0,0.0,0.0,64.5,8.5,20260128-160216_baseline_seed846214,baseline,0,0
4,20.0,25.0,72,14.4,70,2,0,4,0.3333333333333333,0.0,0,0.0,0,0.0,0.0,0.0,64.01388888888889,8.50080560815587,20260128-160216_baseline_seed846214,baseline,0,0
5,25.0,30.0,78,15.6,72,6,0,4,0.3076923076923077,0.0,0,0.0,0,0.0,0.0,0.0,63.15384615384615,8.433870850018561,20260128-160216_baseline_seed846214,baseline,0,0
6,30.0,35.0,68,13.6,68,0,0,4,0.3529411764705882,0.0,0,0.0,0,0.0,0.0,0.0,64.5,8.5,20260128-160216_baseline_seed846214,baseline,0,0
7,35.0,40.0,70,14.0,70,0,0,4,0.3714285714285714,0.0,0,0.0,0,0.0,0.0,0.0,64.5,8.5,20260128-160216_baseline_seed846214,baseline,0,0
8,40.0,45.0,66,13.2,66,0,0,4,0.3484848484848485,0.0,0,0.0,0,0.0,0.0,0.0,64.5,8.5,20260128-160216_baseline_seed846214,baseline,0,0
9,45.0,50.0,68,13.6,68,0,0,4,0.3529411764705882,0.0,0,0.0,0,0.0,0.0,0.0,64.5,8.5,20260128-160216_baseline_seed846214,baseline,0,0
10,50.0,55.0,70,14.0,68,2,0,4,0.3285714285714285,0.0,0,0.0,0,0.0,0.0,0.0,64.0,8.500420157682964,20260128-160216_baseline_seed846214,baseline,0,0
1,5.0,10.0,70,14.0,68,2,0,4,0.3285714285714285,0.0,0,0.0,0,0.0,0.0,0.0,64.0,8.500420157682964,20260128-160321_baseline_seed556374,baseline,0,0
2,10.0,15.0,78,15.6,74,4,0,4,0.3205128205128205,0.0,0,0.0,0,0.0,0.0,0.0,63.6025641025641,8.479749245793288,20260128-160321_baseline_seed556374,baseline,0,0
3,15.0,20.0,74,14.8,72,2,0,4,0.3378378378378378,0.0,0,0.0,0,0.0,0.0,0.0,64.02702702702703,8.501149322890424,20260128-160321_baseline_seed556374,baseline,0,0
4,20.0,25.0,78,15.6,74,4,0,4,0.3205128205128205,0.0,0,0.0,0,0.0,0.0,0.0,63.6025641025641,8.479749245793288,20260128-160321_baseline_seed556374,baseline,0,0
5,25.0,30.0,74,14.8,70,4,0,4,0.3108108108108108,0.0,0,0.0,0,0.0,0.0,0.0,63.554054054054056,8.475946717260259,20260128-160321_baseline_seed556374,baseline,0,0
6,30.0,35.0,68,13.6,68,0,0,4,0.3529411764705882,0.0,0,0.0,0,0.0,0.0,0.0,64.5,8.5,20260128-160321_baseline_seed556374,baseline,0,0
7,35.0,40.0,78,15.6,74,4,0,4,0.3333333333333333,0.0,0,0.0,0,0.0,0.0,0.0,63.6025641025641,8.479749245793288,20260128-160321_baseline_seed556374,baseline,0,0
8,40.0,45.0,70,14.0,70,0,0,4,0.3571428571428571,0.0,0,0.0,0,0.0,0.0,0.0,64.5,8.5,20260128-160321_baseline_seed556374,baseline,0,0
9,45.0,50.0,72,14.4,70,2,0,4,0.3333333333333333,0.0,0,0.0,0,0.0,0.0,0.0,64.01388888888889,8.500805608155872,20260128-160321_baseline_seed556374,baseline,0,0
10,50.0,55.0,68,13.6,68,0,0,4,0.3529411764705882,0.0,0,0.0,0,0.0,0.0,0.0,64.5,8.5,20260128-160321_baseline_seed556374,baseline,0,0
1,5.0,10.0,80,16.0,74,6,0,4,0.3,0.0,0,0.0,0,0.0,0.0,0.0,63.1875,8.43814812325548,20260128-160425_baseline_seed109344,baseline,0,0
2,10.0,15.0,68,13.6,68,0,0,4,0.3529411764705882,0.0,0,0.0,0,0.0,0.0,0.0,64.5,8.5,20260128-160425_baseline_seed109344,baseline,0,0
3,15.0,20.0,68,13.6,68,0,0,4,0.3676470588235294,0.0,0,0.0,0,0.0,0.0,0.0,64.5,8.5,20260128-160425_baseline_seed109344,baseline,0,0
4,20.0,25.0,66,13.2,66,0,0,4,0.3484848484848485,0.0,0,0.0,0,0.0,0.0,0.0,64.5,8.5,20260128-160425_baseline_seed109344,baseline,0,0
5,25.0,30.0,80,16.0,74,6,0,4,0.3,0.0,0,0.0,0,0.0,0.0,0.0,63.1875,8.43814812325548,20260128-160425_baseline_seed109344,baseline,0,0
6,30.0,35.0,72,14.4,70,2,0,4,0.3333333333333333,0.0,0,0.0,0,0.0,0.0,0.0,64.01388888888889,8.50080560815587,20260128-160425_baseline_seed109344,baseline,0,0
7,35.0,40.0,78,15.6,72,6,0,4,0.3076923076923077,0.0,0,0.0,0,0.0,0.0,0.0,63.15384615384615,8.433870850018561,20260128-160425_baseline_seed109344,baseline,0,0
8,40.0,45.0,68,13.6,68,0,0,4,0.3529411764705882,0.0,0,0.0,0,0.0,0.0,0.0,64.5,8.5,20260128-160425_baseline_seed109344,baseline,0,0
9,45.0,50.0,72,14.4,70,2,0,4,0.3194444444444444,0.0,0,0.0,0,0.0,0.0,0.0,64.01388888888889,8.50080560815587,20260128-160425_baseline_seed109344,baseline,0,0
10,50.0,55.0,72,14.4,68,4,0,4,0.3194444444444444,0.0,0,0.0,0,0.0,0.0,0.0,63.52777777777778,8.473770350358642,20260128-160425_baseline_seed109344,baseline,0,0
1,5.0,10.0,74,14.8,72,2,0,4,0.3243243243243243,0.0,0,0.0,0,0.0,0.0,0.0,64.02702702702703,8.501149322890425,20260128-160530_baseline_seed690531,baseline,0,0
2,10.0,15.0,68,13.6,68,0,0,4,0.3529411764705882,0.0,0,0.0,0,0.0,0.0,0.0,64.5,8.5,20260128-160530_baseline_seed690531,baseline,0,0
3,15.0,20.0,72,14.4,70,2,0,4,0.3472222222222222,0.0,0,0.0,0,0.0,0.0,0.0,64.01388888888889,8.500805608155872,20260128-160530_baseline_seed690531,baseline,0,0
4,20.0,25.0,72,14.4,70,2,0,4,0.3333333333333333,0.0,0,0.0,0,0.0,0.0,0.0,64.01388888888889,8.50080560815587,20260128-160530_baseline_seed690531,baseline,0,0
5,25.0,30.0,68,13.6,66,2,0,4,0.3382352941176471,0.0,0,0.0,0,0.0,0.0,0.0,63.98529411764706,8.499987278638965,20260128-160530_baseline_seed690531,baseline,0,0
6,30.0,35.0,76,15.2,72,4,0,4,0.3157894736842105,0.0,0,0.0,0,0.0,0.0,0.0,63.578947368421055,8.477932900205554,20260128-160530_baseline_seed690531,baseline,0,0
7,35.0,40.0,74,14.8,70,4,0,4,0.3243243243243243,0.0,0,0.0,0,0.0,0.0,0.0,63.554054054054056,8.475946717260259,20260128-160530_baseline_seed690531,baseline,0,0
8,40.0,45.0,66,13.2,66,0,0,4,0.3484848484848485,0.0,0,0.0,0,0.0,0.0,0.0,64.5,8.5,20260128-160530_baseline_seed690531,baseline,0,0
9,45.0,50.0,72,14.4,70,2,0,4,0.3333333333333333,0.0,0,0.0,0,0.0,0.0,0.0,64.01388888888889,8.50080560815587,20260128-160530_baseline_seed690531,baseline,0,0
10,50.0,55.0,68,13.6,68,0,0,4,0.3529411764705882,0.0,0,0.0,0,0.0,0.0,0.0,64.5,8.5,20260128-160530_baseline_seed690531,baseline,0,0
1,5.0,10.0,74,14.8,72,2,0,4,0.3243243243243243,0.0,0,0.0,0,0.0,0.0,0.0,64.02702702702703,8.501149322890425,20260128-160634_baseline_seed623128,baseline,0,0
2,10.0,15.0,70,14.0,68,2,0,4,0.3428571428571428,0.0,0,0.0,0,0.0,0.0,0.0,64.0,8.500420157682964,20260128-160634_baseline_seed623128,baseline,0,0
3,15.0,20.0,72,14.4,70,2,0,4,0.3333333333333333,0.0,0,0.0,0,0.0,0.0,0.0,64.01388888888889,8.50080560815587,20260128-160634_baseline_seed623128,baseline,0,0
4,20.0,25.0,68,13.6,68,0,0,4,0.3529411764705882,0.0,0,0.0,0,0.0,0.0,0.0,64.5,8.5,20260128-160634_baseline_seed623128,baseline,0,0
5,25.0,30.0,76,15.2,72,4,0,4,0.3157894736842105,0.0,0,0.0,0,0.0,0.0,0.0,63.578947368421055,8.477932900205554,20260128-160634_baseline_seed623128,baseline,0,0
6,30.0,35.0,68,13.6,68,0,0,4,0.3676470588235294,0.0,0,0.0,0,0.0,0.0,0.0,64.5,8.5,20260128-160634_baseline_seed623128,baseline,0,0
7,35.0,40.0,70,14.0,68,2,0,4,0.3285714285714285,0.0,0,0.0,0,0.0,0.0,0.0,64.0,8.500420157682964,20260128-160634_baseline_seed623128,baseline,0,0
8,40.0,45.0,68,13.6,68,0,0,4,0.3529411764705882,0.0,0,0.0,0,0.0,0.0,0.0,64.5,8.5,20260128-160634_baseline_seed623128,baseline,0,0
9,45.0,50.0,66,13.2,66,0,0,4,0.3636363636363636,0.0,0,0.0,0,0.0,0.0,0.0,64.5,8.5,20260128-160634_baseline_seed623128,baseline,0,0
10,50.0,55.0,68,13.6,68,0,0,4,0.3529411764705882,0.0,0,0.0,0,0.0,0.0,0.0,64.5,8.5,20260128-160634_baseline_seed623128,baseline,0,0
11,55.0,60.0,74,14.8,70,4,0,4,0.3108108108108108,0.0,0,0.0,0,0.0,0.0,0.0,63.554054054054056,8.47594671726026,20260128-160634_baseline_seed623128,baseline,0,0
1,5.0,10.0,68,13.6,66,2,0,4,0.3382352941176471,0.0,0,0.0,0,0.0,0.0,0.0,63.98529411764706,8.499987278638965,20260128-160739_baseline_seed973828,baseline,0,0
2,10.0,15.0,76,15.2,72,4,0,4,0.3157894736842105,0.0,0,0.0,0,0.0,0.0,0.0,63.578947368421055,8.477932900205554,20260128-160739_baseline_seed973828,baseline,0,0
3,15.0,20.0,70,14.0,68,2,0,4,0.3285714285714285,0.0,0,0.0,0,0.0,0.0,0.0,64.0,8.500420157682964,20260128-160739_baseline_seed973828,baseline,0,0
4,20.0,25.0,72,14.4,70,2,0,4,0.3333333333333333,0.0,0,0.0,0,0.0,0.0,0.0,64.01388888888889,8.500805608155872,20260128-160739_baseline_seed973828,baseline,0,0
5,25.0,30.0,68,13.6,68,0,0,4,0.3529411764705882,0.0,0,0.0,0,0.0,0.0,0.0,64.5,8.5,20260128-160739_baseline_seed973828,baseline,0,0
6,30.0,35.0,64,12.8,64,0,0,4,0.359375,0.0,0,0.0,0,0.0,0.0,0.0,64.5,8.5,20260128-160739_baseline_seed973828,baseline,0,0
7,35.0,40.0,74,14.8,70,4,0,4,0.3243243243243243,0.0,0,0.0,0,0.0,0.0,0.0,63.554054054054056,8.475946717260259,20260128-160739_baseline_seed973828,baseline,0,0
8,40.0,45.0,70,14.0,70,0,0,4,0.3428571428571428,0.0,0,0.0,0,0.0,0.0,0.0,64.5,8.5,20260128-160739_baseline_seed973828,baseline,0,0
9,45.0,50.0,74,14.8,70,4,0,4,0.3108108108108108,0.0,0,0.0,0,0.0,0.0,0.0,63.554054054054056,8.475946717260259,20260128-160739_baseline_seed973828,baseline,0,0
10,50.0,55.0,80,16.0,74,6,0,4,0.3,0.0,0,0.0,0,0.0,0.0,0.0,63.1875,8.43814812325548,20260128-160739_baseline_seed973828,baseline,0,0
11,55.0,60.0,64,12.8,64,0,0,4,0.359375,0.0,0,0.0,0,0.0,0.0,0.0,64.5,8.5,20260128-160739_baseline_seed973828,baseline,0,0
1,5.0,10.0,72,14.4,70,2,0,4,0.3333333333333333,0.0,0,0.0,0,0.0,0.0,0.0,64.01388888888889,8.50080560815587,20260128-160843_baseline_seed508755,baseline,0,0
2,10.0,15.0,74,14.8,70,4,0,4,0.3243243243243243,0.0,0,0.0,0,0.0,0.0,0.0,63.554054054054056,8.47594671726026,20260128-160843_baseline_seed508755,baseline,0,0
3,15.0,20.0,66,13.2,66,0,0,4,0.3484848484848485,0.0,0,0.0,0,0.0,0.0,0.0,64.5,8.5,20260128-160843_baseline_seed508755,baseline,0,0
4,20.0,25.0,70,14.0,70,0,0,4,0.3428571428571428,0.0,0,0.0,0,0.0,0.0,0.0,64.5,8.5,20260128-160843_baseline_seed508755,baseline,0,0
5,25.0,30.0,72,14.4,72,0,0,4,0.3611111111111111,0.0,0,0.0,0,0.0,0.0,0.0,64.5,8.5,20260128-160843_baseline_seed508755,baseline,0,0
6,30.0,35.0,72,14.4,70,2,0,4,0.3333333333333333,0.0,0,0.0,0,0.0,0.0,0.0,64.01388888888889,8.500805608155872,20260128-160843_baseline_seed508755,baseline,0,0
7,35.0,40.0,68,13.6,66,2,0,4,0.3382352941176471,0.0,0,0.0,0,0.0,0.0,0.0,63.98529411764706,8.499987278638965,20260128-160843_baseline_seed508755,baseline,0,0
8,40.0,45.0,74,14.8,72,2,0,4,0.3378378378378378,0.0,0,0.0,0,0.0,0.0,0.0,64.02702702702703,8.501149322890425,20260128-160843_baseline_seed508755,baseline,0,0
9,45.0,50.0,70,14.0,68,2,0,4,0.3428571428571428,0.0,0,0.0,0,0.0,0.0,0.0,64.0,8.500420157682964,20260128-160843_baseline_seed508755,baseline,0,0
10,50.0,55.0,68,13.6,68,0,0,4,0.3529411764705882,0.0,0,0.0,0,0.0,0.0,0.0,64.5,8.5,20260128-160843_baseline_seed508755,baseline,0,0
